,0
1969-01-01 00:00:00,0.0
1969-01-01 00:15:00,0.0
1969-01-01 00:30:00,0.0
1969-01-01 00:45:00,0.0
1969-01-01 01:00:00,0.0
1969-01-01 01:15:00,0.0
1969-01-01 01:30:00,0.0
1969-01-01 01:45:00,0.0
1969-01-01 02:00:00,0.0
1969-01-01 02:15:00,0.0
1969-01-01 02:30:00,0.0
1969-01-01 02:45:00,0.0
1969-01-01 03:00:00,0.0
1969-01-01 03:15:00,0.0
1969-01-01 03:30:00,0.0
1969-01-01 03:45:00,0.0
1969-01-01 04:00:00,0.0
1969-01-01 04:15:00,0.0
1969-01-01 04:30:00,0.0
1969-01-01 04:45:00,0.0
1969-01-01 05:00:00,0.0
1969-01-01 05:15:00,0.008903916
1969-01-01 05:30:00,0.017807832
1969-01-01 05:45:00,0.026711747
1969-01-01 06:00:00,0.035615664
1969-01-01 06:15:00,0.04451958
1969-01-01 06:30:00,0.053423494
1969-01-01 06:45:00,0.06232741
1969-01-01 07:00:00,0.07123133
1969-01-01 07:15:00,0.08013524
1969-01-01 07:30:00,0.08903916
1969-01-01 07:45:00,0.097943075
1969-01-01 08:00:00,0.097943075
1969-01-01 08:15:00,0.14421615
1969-01-01 08:30:00,0.19048923
1969-01-01 08:45:00,0.23676232
1969-01-01 09:00:00,0.2830354
1969-01-01 09:15:00,0.34552377
1969-01-01 09:30:00,0.40801218
1969-01-01 09:45:00,0.4705006
1969-01-01 10:00:00,0.53298897
1969-01-01 10:15:00,0.57673085
1969-01-01 10:30:00,0.6204728
1969-01-01 10:45:00,0.6642147
1969-01-01 11:00:00,0.70795655
1969-01-01 11:15:00,0.72667444
1969-01-01 11:30:00,0.74539226
1969-01-01 11:45:00,0.7641101
1969-01-01 12:00:00,0.782828
1969-01-01 12:15:00,0.7819247
1969-01-01 12:30:00,0.7810214
1969-01-01 12:45:00,0.7801181
1969-01-01 13:00:00,0.77921486
1969-01-01 13:15:00,0.7601521
1969-01-01 13:30:00,0.74108934
1969-01-01 13:45:00,0.7220266
1969-01-01 14:00:00,0.7029638
1969-01-01 14:15:00,0.65662146
1969-01-01 14:30:00,0.6102791
1969-01-01 14:45:00,0.56393665
1969-01-01 15:00:00,0.5175943
1969-01-01 15:15:00,0.46832386
1969-01-01 15:30:00,0.41905344
1969-01-01 15:45:00,0.369783
1969-01-01 16:00:00,0.3205126
1969-01-01 16:15:00,0.27508444
1969-01-01 16:30:00,0.22965631
1969-01-01 16:45:00,0.18422817
1969-01-01 17:00:00,0.18422817
1969-01-01 17:15:00,0.15790986
1969-01-01 17:30:00,0.13159154
1969-01-01 17:45:00,0.10527324
1969-01-01 18:00:00,0.07895493
1969-01-01 18:15:00,0.05263662
1969-01-01 18:30:00,0.02631831
1969-01-01 18:45:00,0.0
1969-01-01 19:00:00,0.0
1969-01-01 19:15:00,0.0
1969-01-01 19:30:00,0.0
1969-01-01 19:45:00,0.0
1969-01-01 20:00:00,0.0
1969-01-01 20:15:00,0.0
1969-01-01 20:30:00,0.0
1969-01-01 20:45:00,0.0
1969-01-01 21:00:00,0.0
1969-01-01 21:15:00,0.0
1969-01-01 21:30:00,0.0
1969-01-01 21:45:00,0.0
1969-01-01 22:00:00,0.0
1969-01-01 22:15:00,0.0
1969-01-01 22:30:00,0.0
1969-01-01 22:45:00,0.0
1969-01-01 23:00:00,0.0
1969-01-01 23:15:00,0.0
1969-01-01 23:30:00,0.0
1969-01-01 23:45:00,0.0
1969-01-02 00:00:00,0.0
1969-01-02 00:15:00,0.0
1969-01-02 00:30:00,0.0
1969-01-02 00:45:00,0.0
1969-01-02 01:00:00,0.0
1969-01-02 01:15:00,0.0
1969-01-02 01:30:00,0.0
1969-01-02 01:45:00,0.0
1969-01-02 02:00:00,0.0
1969-01-02 02:15:00,0.0
1969-01-02 02:30:00,0.0
1969-01-02 02:45:00,0.0
1969-01-02 03:00:00,0.0
1969-01-02 03:15:00,0.0
1969-01-02 03:30:00,0.0
1969-01-02 03:45:00,0.0
1969-01-02 04:00:00,0.0
1969-01-02 04:15:00,0.0
1969-01-02 04:30:00,0.0
1969-01-02 04:45:00,0.0
1969-01-02 05:00:00,0.0
1969-01-02 05:15:00,0.007679911
1969-01-02 05:30:00,0.015359822
1969-01-02 05:45:00,0.023039732
1969-01-02 06:00:00,0.030719643
1969-01-02 06:15:00,0.038399555
1969-01-02 06:30:00,0.046079464
1969-01-02 06:45:00,0.053759377
1969-01-02 07:00:00,0.061439287
1969-01-02 07:15:00,0.0691192
1969-01-02 07:30:00,0.07679911
1969-01-02 07:45:00,0.08447902
1969-01-02 08:00:00,0.08447902
1969-01-02 08:15:00,0.098869346
1969-01-02 08:30:00,0.11325967
1969-01-02 08:45:00,0.12765
1969-01-02 09:00:00,0.14204033
1969-01-02 09:15:00,0.17424364
1969-01-02 09:30:00,0.20644695
1969-01-02 09:45:00,0.23865026
1969-01-02 10:00:00,0.27085358
1969-01-02 10:15:00,0.30532467
1969-01-02 10:30:00,0.33979574
1969-01-02 10:45:00,0.3742668
1969-01-02 11:00:00,0.4087379
1969-01-02 11:15:00,0.45288047
1969-01-02 11:30:00,0.49702305
1969-01-02 11:45:00,0.5411656
1969-01-02 12:00:00,0.5853082
1969-01-02 12:15:00,0.58365774
1969-01-02 12:30:00,0.5820073
1969-01-02 12:45:00,0.58035684
1969-01-02 13:00:00,0.5787064
1969-01-02 13:15:00,0.55637777
1969-01-02 13:30:00,0.53404915
1969-01-02 13:45:00,0.51172054
1969-01-02 14:00:00,0.48939192
1969-01-02 14:15:00,0.40862024
1969-01-02 14:30:00,0.32784855
1969-01-02 14:45:00,0.2470769
1969-01-02 15:00:00,0.16630521
1969-01-02 15:15:00,0.15836674
1969-01-02 15:30:00,0.15042827
1969-01-02 15:45:00,0.14248979
1969-01-02 16:00:00,0.13455132
1969-01-02 16:15:00,0.12373638
1969-01-02 16:30:00,0.112921454
1969-01-02 16:45:00,0.10210653
1969-01-02 17:00:00,0.10210653
1969-01-02 17:15:00,0.08751988
1969-01-02 17:30:00,0.072933234
1969-01-02 17:45:00,0.05834659
1969-01-02 18:00:00,0.04375994
1969-01-02 18:15:00,0.029173294
1969-01-02 18:30:00,0.014586647
1969-01-02 18:45:00,0.0
1969-01-02 19:00:00,0.0
1969-01-02 19:15:00,0.0
1969-01-02 19:30:00,0.0
1969-01-02 19:45:00,0.0
1969-01-02 20:00:00,0.0
1969-01-02 20:15:00,0.0
1969-01-02 20:30:00,0.0
1969-01-02 20:45:00,0.0
1969-01-02 21:00:00,0.0
1969-01-02 21:15:00,0.0
1969-01-02 21:30:00,0.0
1969-01-02 21:45:00,0.0
1969-01-02 22:00:00,0.0
1969-01-02 22:15:00,0.0
1969-01-02 22:30:00,0.0
1969-01-02 22:45:00,0.0
1969-01-02 23:00:00,0.0
1969-01-02 23:15:00,0.0
1969-01-02 23:30:00,0.0
1969-01-02 23:45:00,0.0
1969-01-03 00:00:00,0.0
1969-01-03 00:15:00,0.0
1969-01-03 00:30:00,0.0
1969-01-03 00:45:00,0.0
1969-01-03 01:00:00,0.0
1969-01-03 01:15:00,0.0
1969-01-03 01:30:00,0.0
1969-01-03 01:45:00,0.0
1969-01-03 02:00:00,0.0
1969-01-03 02:15:00,0.0
1969-01-03 02:30:00,0.0
1969-01-03 02:45:00,0.0
1969-01-03 03:00:00,0.0
1969-01-03 03:15:00,0.0
1969-01-03 03:30:00,0.0
1969-01-03 03:45:00,0.0
1969-01-03 04:00:00,0.0
1969-01-03 04:15:00,0.0
1969-01-03 04:30:00,0.0
1969-01-03 04:45:00,0.0
1969-01-03 05:00:00,0.0
1969-01-03 05:15:00,0.008780826
1969-01-03 05:30:00,0.017561652
1969-01-03 05:45:00,0.026342476
1969-01-03 06:00:00,0.035123304
1969-01-03 06:15:00,0.04390413
1969-01-03 06:30:00,0.05268495
1969-01-03 06:45:00,0.061465777
1969-01-03 07:00:00,0.07024661
1969-01-03 07:15:00,0.07902743
1969-01-03 07:30:00,0.08780826
1969-01-03 07:45:00,0.09658908
1969-01-03 08:00:00,0.09658908
1969-01-03 08:15:00,0.14316754
1969-01-03 08:30:00,0.18974599
1969-01-03 08:45:00,0.23632444
1969-01-03 09:00:00,0.2829029
1969-01-03 09:15:00,0.3511414
1969-01-03 09:30:00,0.4193799
1969-01-03 09:45:00,0.4876184
1969-01-03 10:00:00,0.5558569
1969-01-03 10:15:00,0.60118353
1969-01-03 10:30:00,0.6465101
1969-01-03 10:45:00,0.6918368
1969-01-03 11:00:00,0.7371634
1969-01-03 11:15:00,0.7569662
1969-01-03 11:30:00,0.7767689
1969-01-03 11:45:00,0.7965717
1969-01-03 12:00:00,0.8163744
1969-01-03 12:15:00,0.8181851
1969-01-03 12:30:00,0.8199958
1969-01-03 12:45:00,0.82180655
1969-01-03 13:00:00,0.8236172
1969-01-03 13:15:00,0.81187105
1969-01-03 13:30:00,0.8001249
1969-01-03 13:45:00,0.7883787
1969-01-03 14:00:00,0.77663255
1969-01-03 14:15:00,0.7463541
1969-01-03 14:30:00,0.7160756
1969-01-03 14:45:00,0.6857971
1969-01-03 15:00:00,0.65551865
1969-01-03 15:15:00,0.60686475
1969-01-03 15:30:00,0.55821085
1969-01-03 15:45:00,0.50955695
1969-01-03 16:00:00,0.46090308
1969-01-03 16:15:00,0.3967164
1969-01-03 16:30:00,0.33252966
1969-01-03 16:45:00,0.26834297
1969-01-03 17:00:00,0.26834297
1969-01-03 17:15:00,0.23000826
1969-01-03 17:30:00,0.19167355
1969-01-03 17:45:00,0.15333883
1969-01-03 18:00:00,0.11500413
1969-01-03 18:15:00,0.07666942
1969-01-03 18:30:00,0.03833471
1969-01-03 18:45:00,0.0
1969-01-03 19:00:00,0.0
1969-01-03 19:15:00,0.0
1969-01-03 19:30:00,0.0
1969-01-03 19:45:00,0.0
1969-01-03 20:00:00,0.0
1969-01-03 20:15:00,0.0
1969-01-03 20:30:00,0.0
1969-01-03 20:45:00,0.0
1969-01-03 21:00:00,0.0
1969-01-03 21:15:00,0.0
1969-01-03 21:30:00,0.0
1969-01-03 21:45:00,0.0
1969-01-03 22:00:00,0.0
1969-01-03 22:15:00,0.0
1969-01-03 22:30:00,0.0
1969-01-03 22:45:00,0.0
1969-01-03 23:00:00,0.0
1969-01-03 23:15:00,0.0
1969-01-03 23:30:00,0.0
1969-01-03 23:45:00,0.0
1969-01-04 00:00:00,0.0
1969-01-04 00:15:00,0.0
1969-01-04 00:30:00,0.0
1969-01-04 00:45:00,0.0
1969-01-04 01:00:00,0.0
1969-01-04 01:15:00,0.0
1969-01-04 01:30:00,0.0
1969-01-04 01:45:00,0.0
1969-01-04 02:00:00,0.0
1969-01-04 02:15:00,0.0
1969-01-04 02:30:00,0.0
1969-01-04 02:45:00,0.0
1969-01-04 03:00:00,0.0
1969-01-04 03:15:00,0.0
1969-01-04 03:30:00,0.0
1969-01-04 03:45:00,0.0
1969-01-04 04:00:00,0.0
1969-01-04 04:15:00,0.0
1969-01-04 04:30:00,0.0
1969-01-04 04:45:00,0.0
1969-01-04 05:00:00,0.0
1969-01-04 05:15:00,0.012456026
1969-01-04 05:30:00,0.024912052
1969-01-04 05:45:00,0.037368078
1969-01-04 06:00:00,0.049824104
1969-01-04 06:15:00,0.06228013
1969-01-04 06:30:00,0.074736156
1969-01-04 06:45:00,0.08719218
1969-01-04 07:00:00,0.09964821
1969-01-04 07:15:00,0.11210423
1969-01-04 07:30:00,0.12456026
1969-01-04 07:45:00,0.13701628
1969-01-04 08:00:00,0.13701628
1969-01-04 08:15:00,0.20335566
1969-01-04 08:30:00,0.26969504
1969-01-04 08:45:00,0.33603442
1969-01-04 09:00:00,0.4023738
1969-01-04 09:15:00,0.4519226
1969-01-04 09:30:00,0.5014714
1969-01-04 09:45:00,0.55102015
1969-01-04 10:00:00,0.60056895
1969-01-04 10:15:00,0.64395106
1969-01-04 10:30:00,0.6873332
1969-01-04 10:45:00,0.7307154
1969-01-04 11:00:00,0.7740975
1969-01-04 11:15:00,0.79132044
1969-01-04 11:30:00,0.8085433
1969-01-04 11:45:00,0.82576627
1969-01-04 12:00:00,0.8429892
1969-01-04 12:15:00,0.8400892
1969-01-04 12:30:00,0.83718914
1969-01-04 12:45:00,0.8342891
1969-01-04 13:00:00,0.83138907
1969-01-04 13:15:00,0.8182513
1969-01-04 13:30:00,0.80511355
1969-01-04 13:45:00,0.79197574
1969-01-04 14:00:00,0.778838
1969-01-04 14:15:00,0.73412526
1969-01-04 14:30:00,0.6894125
1969-01-04 14:45:00,0.64469975
1969-01-04 15:00:00,0.59998703
1969-01-04 15:15:00,0.54935783
1969-01-04 15:30:00,0.49872866
1969-01-04 15:45:00,0.4480995
1969-01-04 16:00:00,0.3974703
1969-01-04 16:15:00,0.34069425
1969-01-04 16:30:00,0.2839182
1969-01-04 16:45:00,0.22714218
1969-01-04 17:00:00,0.22714218
1969-01-04 17:15:00,0.1946933
1969-01-04 17:30:00,0.16224442
1969-01-04 17:45:00,0.12979554
1969-01-04 18:00:00,0.09734665
1969-01-04 18:15:00,0.06489777
1969-01-04 18:30:00,0.032448884
1969-01-04 18:45:00,0.0
1969-01-04 19:00:00,0.0
1969-01-04 19:15:00,0.0
1969-01-04 19:30:00,0.0
1969-01-04 19:45:00,0.0
1969-01-04 20:00:00,0.0
1969-01-04 20:15:00,0.0
1969-01-04 20:30:00,0.0
1969-01-04 20:45:00,0.0
1969-01-04 21:00:00,0.0
1969-01-04 21:15:00,0.0
1969-01-04 21:30:00,0.0
1969-01-04 21:45:00,0.0
1969-01-04 22:00:00,0.0
1969-01-04 22:15:00,0.0
1969-01-04 22:30:00,0.0
1969-01-04 22:45:00,0.0
1969-01-04 23:00:00,0.0
1969-01-04 23:15:00,0.0
1969-01-04 23:30:00,0.0
1969-01-04 23:45:00,0.0
1969-01-05 00:00:00,0.0
1969-01-05 00:15:00,0.0
1969-01-05 00:30:00,0.0
1969-01-05 00:45:00,0.0
1969-01-05 01:00:00,0.0
1969-01-05 01:15:00,0.0
1969-01-05 01:30:00,0.0
1969-01-05 01:45:00,0.0
1969-01-05 02:00:00,0.0
1969-01-05 02:15:00,0.0
1969-01-05 02:30:00,0.0
1969-01-05 02:45:00,0.0
1969-01-05 03:00:00,0.0
1969-01-05 03:15:00,0.0
1969-01-05 03:30:00,0.0
1969-01-05 03:45:00,0.0
1969-01-05 04:00:00,0.0
1969-01-05 04:15:00,0.0
1969-01-05 04:30:00,0.0
1969-01-05 04:45:00,0.0
1969-01-05 05:00:00,0.0
1969-01-05 05:15:00,0.0115775755
1969-01-05 05:30:00,0.023155151
1969-01-05 05:45:00,0.034732725
1969-01-05 06:00:00,0.046310302
1969-01-05 06:15:00,0.057887875
1969-01-05 06:30:00,0.06946545
1969-01-05 06:45:00,0.08104303
1969-01-05 07:00:00,0.092620604
1969-01-05 07:15:00,0.10419817
1969-01-05 07:30:00,0.11577575
1969-01-05 07:45:00,0.12735333
1969-01-05 08:00:00,0.12735333
1969-01-05 08:15:00,0.19321181
1969-01-05 08:30:00,0.25907028
1969-01-05 08:45:00,0.32492876
1969-01-05 09:00:00,0.39078724
1969-01-05 09:15:00,0.451518
1969-01-05 09:30:00,0.51224875
1969-01-05 09:45:00,0.5729795
1969-01-05 10:00:00,0.63371027
1969-01-05 10:15:00,0.6637881
1969-01-05 10:30:00,0.6938659
1969-01-05 10:45:00,0.72394365
1969-01-05 11:00:00,0.75402147
1969-01-05 11:15:00,0.768669
1969-01-05 11:30:00,0.7833165
1969-01-05 11:45:00,0.797964
1969-01-05 12:00:00,0.8126115
1969-01-05 12:15:00,0.81233424
1969-01-05 12:30:00,0.812057
1969-01-05 12:45:00,0.81177974
1969-01-05 13:00:00,0.81150246
1969-01-05 13:15:00,0.79862714
1969-01-05 13:30:00,0.7857518
1969-01-05 13:45:00,0.77287644
1969-01-05 14:00:00,0.7600011
1969-01-05 14:15:00,0.7349892
1969-01-05 14:30:00,0.70997727
1969-01-05 14:45:00,0.6849654
1969-01-05 15:00:00,0.6599535
1969-01-05 15:15:00,0.60497755
1969-01-05 15:30:00,0.5500016
1969-01-05 15:45:00,0.49502575
1969-01-05 16:00:00,0.44004983
1969-01-05 16:15:00,0.37679574
1969-01-05 16:30:00,0.31354165
1969-01-05 16:45:00,0.25028756
1969-01-05 17:00:00,0.25028756
1969-01-05 17:15:00,0.2145322
1969-01-05 17:30:00,0.17877683
1969-01-05 17:45:00,0.14302146
1969-01-05 18:00:00,0.1072661
1969-01-05 18:15:00,0.07151073
1969-01-05 18:30:00,0.035755366
1969-01-05 18:45:00,0.0
1969-01-05 19:00:00,0.0
1969-01-05 19:15:00,0.0
1969-01-05 19:30:00,0.0
1969-01-05 19:45:00,0.0
1969-01-05 20:00:00,0.0
1969-01-05 20:15:00,0.0
1969-01-05 20:30:00,0.0
1969-01-05 20:45:00,0.0
1969-01-05 21:00:00,0.0
1969-01-05 21:15:00,0.0
1969-01-05 21:30:00,0.0
1969-01-05 21:45:00,0.0
1969-01-05 22:00:00,0.0
1969-01-05 22:15:00,0.0
1969-01-05 22:30:00,0.0
1969-01-05 22:45:00,0.0
1969-01-05 23:00:00,0.0
1969-01-05 23:15:00,0.0
1969-01-05 23:30:00,0.0
1969-01-05 23:45:00,0.0
1969-01-06 00:00:00,0.0
1969-01-06 00:15:00,0.0
1969-01-06 00:30:00,0.0
1969-01-06 00:45:00,0.0
1969-01-06 01:00:00,0.0
1969-01-06 01:15:00,0.0
1969-01-06 01:30:00,0.0
1969-01-06 01:45:00,0.0
1969-01-06 02:00:00,0.0
1969-01-06 02:15:00,0.0
1969-01-06 02:30:00,0.0
1969-01-06 02:45:00,0.0
1969-01-06 03:00:00,0.0
1969-01-06 03:15:00,0.0
1969-01-06 03:30:00,0.0
1969-01-06 03:45:00,0.0
1969-01-06 04:00:00,0.0
1969-01-06 04:15:00,0.0
1969-01-06 04:30:00,0.0
1969-01-06 04:45:00,0.0
1969-01-06 05:00:00,0.0
1969-01-06 05:15:00,0.014656016
1969-01-06 05:30:00,0.029312031
1969-01-06 05:45:00,0.043968048
1969-01-06 06:00:00,0.058624063
1969-01-06 06:15:00,0.07328007
1969-01-06 06:30:00,0.087936096
1969-01-06 06:45:00,0.10259211
1969-01-06 07:00:00,0.117248125
1969-01-06 07:15:00,0.13190414
1969-01-06 07:30:00,0.14656015
1969-01-06 07:45:00,0.16121617
1969-01-06 08:00:00,0.16121617
1969-01-06 08:15:00,0.23362035
1969-01-06 08:30:00,0.30602455
1969-01-06 08:45:00,0.37842873
1969-01-06 09:00:00,0.4508329
1969-01-06 09:15:00,0.5198914
1969-01-06 09:30:00,0.5889499
1969-01-06 09:45:00,0.6580084
1969-01-06 10:00:00,0.7270669
1969-01-06 10:15:00,0.7554425
1969-01-06 10:30:00,0.7838182
1969-01-06 10:45:00,0.8121939
1969-01-06 11:00:00,0.8405695
1969-01-06 11:15:00,0.84680593
1969-01-06 11:30:00,0.8530424
1969-01-06 11:45:00,0.8592789
1969-01-06 12:00:00,0.86551535
1969-01-06 12:15:00,0.86518896
1969-01-06 12:30:00,0.86486256
1969-01-06 12:45:00,0.86453617
1969-01-06 13:00:00,0.8642098
1969-01-06 13:15:00,0.8525849
1969-01-06 13:30:00,0.84096
1969-01-06 13:45:00,0.8293351
1969-01-06 14:00:00,0.8177102
1969-01-06 14:15:00,0.78754634
1969-01-06 14:30:00,0.7573825
1969-01-06 14:45:00,0.7272186
1969-01-06 15:00:00,0.69705474
1969-01-06 15:15:00,0.64364433
1969-01-06 15:30:00,0.590234
1969-01-06 15:45:00,0.5368236
1969-01-06 16:00:00,0.4834132
1969-01-06 16:15:00,0.41473746
1969-01-06 16:30:00,0.34606177
1969-01-06 16:45:00,0.27738607
1969-01-06 17:00:00,0.27738607
1969-01-06 17:15:00,0.23775949
1969-01-06 17:30:00,0.1981329
1969-01-06 17:45:00,0.15850632
1969-01-06 18:00:00,0.11887974
1969-01-06 18:15:00,0.07925316
1969-01-06 18:30:00,0.03962658
1969-01-06 18:45:00,0.0
1969-01-06 19:00:00,0.0
1969-01-06 19:15:00,0.0
1969-01-06 19:30:00,0.0
1969-01-06 19:45:00,0.0
1969-01-06 20:00:00,0.0
1969-01-06 20:15:00,0.0
1969-01-06 20:30:00,0.0
1969-01-06 20:45:00,0.0
1969-01-06 21:00:00,0.0
1969-01-06 21:15:00,0.0
1969-01-06 21:30:00,0.0
1969-01-06 21:45:00,0.0
1969-01-06 22:00:00,0.0
1969-01-06 22:15:00,0.0
1969-01-06 22:30:00,0.0
1969-01-06 22:45:00,0.0
1969-01-06 23:00:00,0.0
1969-01-06 23:15:00,0.0
1969-01-06 23:30:00,0.0
1969-01-06 23:45:00,0.0
1969-01-07 00:00:00,0.0
1969-01-07 00:15:00,0.0
1969-01-07 00:30:00,0.0
1969-01-07 00:45:00,0.0
1969-01-07 01:00:00,0.0
1969-01-07 01:15:00,0.0
1969-01-07 01:30:00,0.0
1969-01-07 01:45:00,0.0
1969-01-07 02:00:00,0.0
1969-01-07 02:15:00,0.0
1969-01-07 02:30:00,0.0
1969-01-07 02:45:00,0.0
1969-01-07 03:00:00,0.0
1969-01-07 03:15:00,0.0
1969-01-07 03:30:00,0.0
1969-01-07 03:45:00,0.0
1969-01-07 04:00:00,0.0
1969-01-07 04:15:00,0.0
1969-01-07 04:30:00,0.0
1969-01-07 04:45:00,0.0
1969-01-07 05:00:00,0.0
1969-01-07 05:15:00,0.007944934
1969-01-07 05:30:00,0.015889868
1969-01-07 05:45:00,0.023834802
1969-01-07 06:00:00,0.031779736
1969-01-07 06:15:00,0.03972467
1969-01-07 06:30:00,0.047669604
1969-01-07 06:45:00,0.05561454
1969-01-07 07:00:00,0.06355947
1969-01-07 07:15:00,0.07150441
1969-01-07 07:30:00,0.07944934
1969-01-07 07:45:00,0.087394275
1969-01-07 08:00:00,0.087394275
1969-01-07 08:15:00,0.12791514
1969-01-07 08:30:00,0.16843602
1969-01-07 08:45:00,0.20895688
1969-01-07 09:00:00,0.24947776
1969-01-07 09:15:00,0.3183654
1969-01-07 09:30:00,0.38725305
1969-01-07 09:45:00,0.4561407
1969-01-07 10:00:00,0.52502835
1969-01-07 10:15:00,0.57119626
1969-01-07 10:30:00,0.61736417
1969-01-07 10:45:00,0.66353214
1969-01-07 11:00:00,0.70970005
1969-01-07 11:15:00,0.7230835
1969-01-07 11:30:00,0.7364669
1969-01-07 11:45:00,0.74985033
1969-01-07 12:00:00,0.7632338
1969-01-07 12:15:00,0.7055479
1969-01-07 12:30:00,0.6478621
1969-01-07 12:45:00,0.59017617
1969-01-07 13:00:00,0.5324903
1969-01-07 13:15:00,0.4802399
1969-01-07 13:30:00,0.42798948
1969-01-07 13:45:00,0.37573907
1969-01-07 14:00:00,0.32348865
1969-01-07 14:15:00,0.30489835
1969-01-07 14:30:00,0.28630805
1969-01-07 14:45:00,0.26771772
1969-01-07 15:00:00,0.24912742
1969-01-07 15:15:00,0.22607273
1969-01-07 15:30:00,0.20301805
1969-01-07 15:45:00,0.17996338
1969-01-07 16:00:00,0.15690869
1969-01-07 16:15:00,0.15174913
1969-01-07 16:30:00,0.14658959
1969-01-07 16:45:00,0.14143005
1969-01-07 17:00:00,0.14143005
1969-01-07 17:15:00,0.12122576
1969-01-07 17:30:00,0.10102146
1969-01-07 17:45:00,0.08081717
1969-01-07 18:00:00,0.06061288
1969-01-07 18:15:00,0.040408585
1969-01-07 18:30:00,0.020204293
1969-01-07 18:45:00,0.0
1969-01-07 19:00:00,0.0
1969-01-07 19:15:00,0.0
1969-01-07 19:30:00,0.0
1969-01-07 19:45:00,0.0
1969-01-07 20:00:00,0.0
1969-01-07 20:15:00,0.0
1969-01-07 20:30:00,0.0
1969-01-07 20:45:00,0.0
1969-01-07 21:00:00,0.0
1969-01-07 21:15:00,0.0
1969-01-07 21:30:00,0.0
1969-01-07 21:45:00,0.0
1969-01-07 22:00:00,0.0
1969-01-07 22:15:00,0.0
1969-01-07 22:30:00,0.0
1969-01-07 22:45:00,0.0
1969-01-07 23:00:00,0.0
1969-01-07 23:15:00,0.0
1969-01-07 23:30:00,0.0
1969-01-07 23:45:00,0.0
1969-01-08 00:00:00,0.0
1969-01-08 00:15:00,0.0
1969-01-08 00:30:00,0.0
1969-01-08 00:45:00,0.0
1969-01-08 01:00:00,0.0
1969-01-08 01:15:00,0.0
1969-01-08 01:30:00,0.0
1969-01-08 01:45:00,0.0
1969-01-08 02:00:00,0.0
1969-01-08 02:15:00,0.0
1969-01-08 02:30:00,0.0
1969-01-08 02:45:00,0.0
1969-01-08 03:00:00,0.0
1969-01-08 03:15:00,0.0
1969-01-08 03:30:00,0.0
1969-01-08 03:45:00,0.0
1969-01-08 04:00:00,0.0
1969-01-08 04:15:00,0.0
1969-01-08 04:30:00,0.0
1969-01-08 04:45:00,0.0
1969-01-08 05:00:00,0.0
1969-01-08 05:15:00,0.009986764
1969-01-08 05:30:00,0.019973528
1969-01-08 05:45:00,0.029960291
1969-01-08 06:00:00,0.039947055
1969-01-08 06:15:00,0.049933817
1969-01-08 06:30:00,0.059920583
1969-01-08 06:45:00,0.069907345
1969-01-08 07:00:00,0.07989411
1969-01-08 07:15:00,0.089880876
1969-01-08 07:30:00,0.099867634
1969-01-08 07:45:00,0.1098544
1969-01-08 08:00:00,0.1098544
1969-01-08 08:15:00,0.16412248
1969-01-08 08:30:00,0.21839055
1969-01-08 08:45:00,0.27265865
1969-01-08 09:00:00,0.3269267
1969-01-08 09:15:00,0.378442
1969-01-08 09:30:00,0.4299573
1969-01-08 09:45:00,0.4814726
1969-01-08 10:00:00,0.5329879
1969-01-08 10:15:00,0.57189995
1969-01-08 10:30:00,0.61081195
1969-01-08 10:45:00,0.649724
1969-01-08 11:00:00,0.68863606
1969-01-08 11:15:00,0.69660735
1969-01-08 11:30:00,0.70457864
1969-01-08 11:45:00,0.71255
1969-01-08 12:00:00,0.7205213
1969-01-08 12:15:00,0.71362674
1969-01-08 12:30:00,0.70673215
1969-01-08 12:45:00,0.6998376
1969-01-08 13:00:00,0.6929431
1969-01-08 13:15:00,0.66872406
1969-01-08 13:30:00,0.644505
1969-01-08 13:45:00,0.62028605
1969-01-08 14:00:00,0.596067
1969-01-08 14:15:00,0.5423304
1969-01-08 14:30:00,0.4885938
1969-01-08 14:45:00,0.4348572
1969-01-08 15:00:00,0.38112056
1969-01-08 15:15:00,0.33085033
1969-01-08 15:30:00,0.2805801
1969-01-08 15:45:00,0.23030987
1969-01-08 16:00:00,0.18003964
1969-01-08 16:15:00,0.16164222
1969-01-08 16:30:00,0.14324482
1969-01-08 16:45:00,0.124847405
1969-01-08 17:00:00,0.124847405
1969-01-08 17:15:00,0.10701206
1969-01-08 17:30:00,0.089176714
1969-01-08 17:45:00,0.07134137
1969-01-08 18:00:00,0.05350603
1969-01-08 18:15:00,0.035670687
1969-01-08 18:30:00,0.017835343
1969-01-08 18:45:00,0.0
1969-01-08 19:00:00,0.0
1969-01-08 19:15:00,0.0
1969-01-08 19:30:00,0.0
1969-01-08 19:45:00,0.0
1969-01-08 20:00:00,0.0
1969-01-08 20:15:00,0.0
1969-01-08 20:30:00,0.0
1969-01-08 20:45:00,0.0
1969-01-08 21:00:00,0.0
1969-01-08 21:15:00,0.0
1969-01-08 21:30:00,0.0
1969-01-08 21:45:00,0.0
1969-01-08 22:00:00,0.0
1969-01-08 22:15:00,0.0
1969-01-08 22:30:00,0.0
1969-01-08 22:45:00,0.0
1969-01-08 23:00:00,0.0
1969-01-08 23:15:00,0.0
1969-01-08 23:30:00,0.0
1969-01-08 23:45:00,0.0
1969-01-09 00:00:00,0.0
1969-01-09 00:15:00,0.0
1969-01-09 00:30:00,0.0
1969-01-09 00:45:00,0.0
1969-01-09 01:00:00,0.0
1969-01-09 01:15:00,0.0
1969-01-09 01:30:00,0.0
1969-01-09 01:45:00,0.0
1969-01-09 02:00:00,0.0
1969-01-09 02:15:00,0.0
1969-01-09 02:30:00,0.0
1969-01-09 02:45:00,0.0
1969-01-09 03:00:00,0.0
1969-01-09 03:15:00,0.0
1969-01-09 03:30:00,0.0
1969-01-09 03:45:00,0.0
1969-01-09 04:00:00,0.0
1969-01-09 04:15:00,0.0
1969-01-09 04:30:00,0.0
1969-01-09 04:45:00,0.0
1969-01-09 05:00:00,0.0
1969-01-09 05:15:00,0.009276178
1969-01-09 05:30:00,0.018552355
1969-01-09 05:45:00,0.027828535
1969-01-09 06:00:00,0.03710471
1969-01-09 06:15:00,0.04638089
1969-01-09 06:30:00,0.05565707
1969-01-09 06:45:00,0.06493325
1969-01-09 07:00:00,0.07420942
1969-01-09 07:15:00,0.0834856
1969-01-09 07:30:00,0.09276178
1969-01-09 07:45:00,0.10203796
1969-01-09 08:00:00,0.10203796
1969-01-09 08:15:00,0.1517681
1969-01-09 08:30:00,0.20149826
1969-01-09 08:45:00,0.2512284
1969-01-09 09:00:00,0.30095854
1969-01-09 09:15:00,0.35291344
1969-01-09 09:30:00,0.40486836
1969-01-09 09:45:00,0.45682326
1969-01-09 10:00:00,0.50877815
1969-01-09 10:15:00,0.55369127
1969-01-09 10:30:00,0.5986043
1969-01-09 10:45:00,0.6435174
1969-01-09 11:00:00,0.6884305
1969-01-09 11:15:00,0.7071625
1969-01-09 11:30:00,0.7258946
1969-01-09 11:45:00,0.7446266
1969-01-09 12:00:00,0.7633586
1969-01-09 12:15:00,0.7601495
1969-01-09 12:30:00,0.75694036
1969-01-09 12:45:00,0.7537312
1969-01-09 13:00:00,0.7505221
1969-01-09 13:15:00,0.7462065
1969-01-09 13:30:00,0.7418909
1969-01-09 13:45:00,0.73757535
1969-01-09 14:00:00,0.7332598
1969-01-09 14:15:00,0.69044673
1969-01-09 14:30:00,0.6476337
1969-01-09 14:45:00,0.6048206
1969-01-09 15:00:00,0.56200755
1969-01-09 15:15:00,0.48987037
1969-01-09 15:30:00,0.4177332
1969-01-09 15:45:00,0.34559605
1969-01-09 16:00:00,0.27345887
1969-01-09 16:15:00,0.22975501
1969-01-09 16:30:00,0.18605117
1969-01-09 16:45:00,0.14234732
1969-01-09 17:00:00,0.14234732
1969-01-09 17:15:00,0.12201199
1969-01-09 17:30:00,0.10167666
1969-01-09 17:45:00,0.081341326
1969-01-09 18:00:00,0.061005995
1969-01-09 18:15:00,0.040670663
1969-01-09 18:30:00,0.020335332
1969-01-09 18:45:00,0.0
1969-01-09 19:00:00,0.0
1969-01-09 19:15:00,0.0
1969-01-09 19:30:00,0.0
1969-01-09 19:45:00,0.0
1969-01-09 20:00:00,0.0
1969-01-09 20:15:00,0.0
1969-01-09 20:30:00,0.0
1969-01-09 20:45:00,0.0
1969-01-09 21:00:00,0.0
1969-01-09 21:15:00,0.0
1969-01-09 21:30:00,0.0
1969-01-09 21:45:00,0.0
1969-01-09 22:00:00,0.0
1969-01-09 22:15:00,0.0
1969-01-09 22:30:00,0.0
1969-01-09 22:45:00,0.0
1969-01-09 23:00:00,0.0
1969-01-09 23:15:00,0.0
1969-01-09 23:30:00,0.0
1969-01-09 23:45:00,0.0
1969-01-10 00:00:00,0.0
1969-01-10 00:15:00,0.0
1969-01-10 00:30:00,0.0
1969-01-10 00:45:00,0.0
1969-01-10 01:00:00,0.0
1969-01-10 01:15:00,0.0
1969-01-10 01:30:00,0.0
1969-01-10 01:45:00,0.0
1969-01-10 02:00:00,0.0
1969-01-10 02:15:00,0.0
1969-01-10 02:30:00,0.0
1969-01-10 02:45:00,0.0
1969-01-10 03:00:00,0.0
1969-01-10 03:15:00,0.0
1969-01-10 03:30:00,0.0
1969-01-10 03:45:00,0.0
1969-01-10 04:00:00,0.0
1969-01-10 04:15:00,0.0
1969-01-10 04:30:00,0.0
1969-01-10 04:45:00,0.0
1969-01-10 05:00:00,0.0
1969-01-10 05:15:00,0.007636356
1969-01-10 05:30:00,0.015272712
1969-01-10 05:45:00,0.022909068
1969-01-10 06:00:00,0.030545425
1969-01-10 06:15:00,0.03818178
1969-01-10 06:30:00,0.045818135
1969-01-10 06:45:00,0.053454492
1969-01-10 07:00:00,0.06109085
1969-01-10 07:15:00,0.0687272
1969-01-10 07:30:00,0.07636356
1969-01-10 07:45:00,0.08399992
1969-01-10 08:00:00,0.08399992
1969-01-10 08:15:00,0.11979939
1969-01-10 08:30:00,0.15559885
1969-01-10 08:45:00,0.19139832
1969-01-10 09:00:00,0.2271978
1969-01-10 09:15:00,0.28308648
1969-01-10 09:30:00,0.3389752
1969-01-10 09:45:00,0.39486387
1969-01-10 10:00:00,0.45075256
1969-01-10 10:15:00,0.48538256
1969-01-10 10:30:00,0.52001256
1969-01-10 10:45:00,0.55464256
1969-01-10 11:00:00,0.58927256
1969-01-10 11:15:00,0.613686
1969-01-10 11:30:00,0.6380995
1969-01-10 11:45:00,0.66251296
1969-01-10 12:00:00,0.6869264
1969-01-10 12:15:00,0.6908666
1969-01-10 12:30:00,0.6948068
1969-01-10 12:45:00,0.69874704
1969-01-10 13:00:00,0.7026872
1969-01-10 13:15:00,0.6909652
1969-01-10 13:30:00,0.6792431
1969-01-10 13:45:00,0.66752106
1969-01-10 14:00:00,0.65579903
1969-01-10 14:15:00,0.63755196
1969-01-10 14:30:00,0.6193049
1969-01-10 14:45:00,0.60105777
1969-01-10 15:00:00,0.5828107
1969-01-10 15:15:00,0.52750874
1969-01-10 15:30:00,0.47220677
1969-01-10 15:45:00,0.41690478
1969-01-10 16:00:00,0.3616028
1969-01-10 16:15:00,0.3047915
1969-01-10 16:30:00,0.2479802
1969-01-10 16:45:00,0.1911689
1969-01-10 17:00:00,0.1911689
1969-01-10 17:15:00,0.16385905
1969-01-10 17:30:00,0.13654922
1969-01-10 17:45:00,0.10923938
1969-01-10 18:00:00,0.08192953
1969-01-10 18:15:00,0.05461969
1969-01-10 18:30:00,0.027309844
1969-01-10 18:45:00,0.0
1969-01-10 19:00:00,0.0
1969-01-10 19:15:00,0.0
1969-01-10 19:30:00,0.0
1969-01-10 19:45:00,0.0
1969-01-10 20:00:00,0.0
1969-01-10 20:15:00,0.0
1969-01-10 20:30:00,0.0
1969-01-10 20:45:00,0.0
1969-01-10 21:00:00,0.0
1969-01-10 21:15:00,0.0
1969-01-10 21:30:00,0.0
1969-01-10 21:45:00,0.0
1969-01-10 22:00:00,0.0
1969-01-10 22:15:00,0.0
1969-01-10 22:30:00,0.0
1969-01-10 22:45:00,0.0
1969-01-10 23:00:00,0.0
1969-01-10 23:15:00,0.0
1969-01-10 23:30:00,0.0
1969-01-10 23:45:00,0.0
1969-01-11 00:00:00,0.0
1969-01-11 00:15:00,0.0
1969-01-11 00:30:00,0.0
1969-01-11 00:45:00,0.0
1969-01-11 01:00:00,0.0
1969-01-11 01:15:00,0.0
1969-01-11 01:30:00,0.0
1969-01-11 01:45:00,0.0
1969-01-11 02:00:00,0.0
1969-01-11 02:15:00,0.0
1969-01-11 02:30:00,0.0
1969-01-11 02:45:00,0.0
1969-01-11 03:00:00,0.0
1969-01-11 03:15:00,0.0
1969-01-11 03:30:00,0.0
1969-01-11 03:45:00,0.0
1969-01-11 04:00:00,0.0
1969-01-11 04:15:00,0.0
1969-01-11 04:30:00,0.0
1969-01-11 04:45:00,0.0
1969-01-11 05:00:00,0.0
1969-01-11 05:15:00,0.007987526
1969-01-11 05:30:00,0.015975052
1969-01-11 05:45:00,0.02396258
1969-01-11 06:00:00,0.031950105
1969-01-11 06:15:00,0.03993763
1969-01-11 06:30:00,0.04792516
1969-01-11 06:45:00,0.055912685
1969-01-11 07:00:00,0.06390021
1969-01-11 07:15:00,0.07188774
1969-01-11 07:30:00,0.07987526
1969-01-11 07:45:00,0.08786279
1969-01-11 08:00:00,0.08786279
1969-01-11 08:15:00,0.11933326
1969-01-11 08:30:00,0.15080373
1969-01-11 08:45:00,0.1822742
1969-01-11 09:00:00,0.21374467
1969-01-11 09:15:00,0.27532738
1969-01-11 09:30:00,0.33691013
1969-01-11 09:45:00,0.39849284
1969-01-11 10:00:00,0.46007556
1969-01-11 10:15:00,0.51558614
1969-01-11 10:30:00,0.5710967
1969-01-11 10:45:00,0.6266073
1969-01-11 11:00:00,0.6821179
1969-01-11 11:15:00,0.70960474
1969-01-11 11:30:00,0.73709166
1969-01-11 11:45:00,0.7645786
1969-01-11 12:00:00,0.79206544
1969-01-11 12:15:00,0.79765576
1969-01-11 12:30:00,0.803246
1969-01-11 12:45:00,0.80883634
1969-01-11 13:00:00,0.81442666
1969-01-11 13:15:00,0.8040955
1969-01-11 13:30:00,0.79376435
1969-01-11 13:45:00,0.7834332
1969-01-11 14:00:00,0.77310205
1969-01-11 14:15:00,0.7431369
1969-01-11 14:30:00,0.7131717
1969-01-11 14:45:00,0.68320656
1969-01-11 15:00:00,0.6532414
1969-01-11 15:15:00,0.60106415
1969-01-11 15:30:00,0.5488869
1969-01-11 15:45:00,0.4967097
1969-01-11 16:00:00,0.44453245
1969-01-11 16:15:00,0.38121676
1969-01-11 16:30:00,0.31790107
1969-01-11 16:45:00,0.25458542
1969-01-11 17:00:00,0.25458542
1969-01-11 17:15:00,0.21821608
1969-01-11 17:30:00,0.18184672
1969-01-11 17:45:00,0.14547738
1969-01-11 18:00:00,0.10910804
1969-01-11 18:15:00,0.07273869
1969-01-11 18:30:00,0.036369346
1969-01-11 18:45:00,0.0
1969-01-11 19:00:00,0.0
1969-01-11 19:15:00,0.0
1969-01-11 19:30:00,0.0
1969-01-11 19:45:00,0.0
1969-01-11 20:00:00,0.0
1969-01-11 20:15:00,0.0
1969-01-11 20:30:00,0.0
1969-01-11 20:45:00,0.0
1969-01-11 21:00:00,0.0
1969-01-11 21:15:00,0.0
1969-01-11 21:30:00,0.0
1969-01-11 21:45:00,0.0
1969-01-11 22:00:00,0.0
1969-01-11 22:15:00,0.0
1969-01-11 22:30:00,0.0
1969-01-11 22:45:00,0.0
1969-01-11 23:00:00,0.0
1969-01-11 23:15:00,0.0
1969-01-11 23:30:00,0.0
1969-01-11 23:45:00,0.0
1969-01-12 00:00:00,0.0
1969-01-12 00:15:00,0.0
1969-01-12 00:30:00,0.0
1969-01-12 00:45:00,0.0
1969-01-12 01:00:00,0.0
1969-01-12 01:15:00,0.0
1969-01-12 01:30:00,0.0
1969-01-12 01:45:00,0.0
1969-01-12 02:00:00,0.0
1969-01-12 02:15:00,0.0
1969-01-12 02:30:00,0.0
1969-01-12 02:45:00,0.0
1969-01-12 03:00:00,0.0
1969-01-12 03:15:00,0.0
1969-01-12 03:30:00,0.0
1969-01-12 03:45:00,0.0
1969-01-12 04:00:00,0.0
1969-01-12 04:15:00,0.0
1969-01-12 04:30:00,0.0
1969-01-12 04:45:00,0.0
1969-01-12 05:00:00,0.0
1969-01-12 05:15:00,0.009848684
1969-01-12 05:30:00,0.019697368
1969-01-12 05:45:00,0.029546052
1969-01-12 06:00:00,0.039394736
1969-01-12 06:15:00,0.04924342
1969-01-12 06:30:00,0.059092104
1969-01-12 06:45:00,0.06894079
1969-01-12 07:00:00,0.07878947
1969-01-12 07:15:00,0.08863816
1969-01-12 07:30:00,0.09848684
1969-01-12 07:45:00,0.108335525
1969-01-12 08:00:00,0.108335525
1969-01-12 08:15:00,0.1673384
1969-01-12 08:30:00,0.22634126
1969-01-12 08:45:00,0.28534412
1969-01-12 09:00:00,0.344347
1969-01-12 09:15:00,0.4122311
1969-01-12 09:30:00,0.48011515
1969-01-12 09:45:00,0.5479992
1969-01-12 10:00:00,0.6158833
1969-01-12 10:15:00,0.6600598
1969-01-12 10:30:00,0.7042364
1969-01-12 10:45:00,0.74841297
1969-01-12 11:00:00,0.7925895
1969-01-12 11:15:00,0.8069377
1969-01-12 11:30:00,0.82128596
1969-01-12 11:45:00,0.8356342
1969-01-12 12:00:00,0.8499824
1969-01-12 12:15:00,0.8406092
1969-01-12 12:30:00,0.831236
1969-01-12 12:45:00,0.8218629
1969-01-12 13:00:00,0.8124897
1969-01-12 13:15:00,0.80109733
1969-01-12 13:30:00,0.789705
1969-01-12 13:45:00,0.7783126
1969-01-12 14:00:00,0.76692027
1969-01-12 14:15:00,0.749303
1969-01-12 14:30:00,0.73168576
1969-01-12 14:45:00,0.7140685
1969-01-12 15:00:00,0.6964512
1969-01-12 15:15:00,0.6486559
1969-01-12 15:30:00,0.60086066
1969-01-12 15:45:00,0.5530654
1969-01-12 16:00:00,0.5052701
1969-01-12 16:15:00,0.43830398
1969-01-12 16:30:00,0.37133783
1969-01-12 16:45:00,0.30437168
1969-01-12 17:00:00,0.30437168
1969-01-12 17:15:00,0.26089
1969-01-12 17:30:00,0.21740834
1969-01-12 17:45:00,0.17392668
1969-01-12 18:00:00,0.130445
1969-01-12 18:15:00,0.08696334
1969-01-12 18:30:00,0.04348167
1969-01-12 18:45:00,0.0
1969-01-12 19:00:00,0.0
1969-01-12 19:15:00,0.0
1969-01-12 19:30:00,0.0
1969-01-12 19:45:00,0.0
1969-01-12 20:00:00,0.0
1969-01-12 20:15:00,0.0
1969-01-12 20:30:00,0.0
1969-01-12 20:45:00,0.0
1969-01-12 21:00:00,0.0
1969-01-12 21:15:00,0.0
1969-01-12 21:30:00,0.0
1969-01-12 21:45:00,0.0
1969-01-12 22:00:00,0.0
1969-01-12 22:15:00,0.0
1969-01-12 22:30:00,0.0
1969-01-12 22:45:00,0.0
1969-01-12 23:00:00,0.0
1969-01-12 23:15:00,0.0
1969-01-12 23:30:00,0.0
1969-01-12 23:45:00,0.0
1969-01-13 00:00:00,0.0
1969-01-13 00:15:00,0.0
1969-01-13 00:30:00,0.0
1969-01-13 00:45:00,0.0
1969-01-13 01:00:00,0.0
1969-01-13 01:15:00,0.0
1969-01-13 01:30:00,0.0
1969-01-13 01:45:00,0.0
1969-01-13 02:00:00,0.0
1969-01-13 02:15:00,0.0
1969-01-13 02:30:00,0.0
1969-01-13 02:45:00,0.0
1969-01-13 03:00:00,0.0
1969-01-13 03:15:00,0.0
1969-01-13 03:30:00,0.0
1969-01-13 03:45:00,0.0
1969-01-13 04:00:00,0.0
1969-01-13 04:15:00,0.0
1969-01-13 04:30:00,0.0
1969-01-13 04:45:00,0.0
1969-01-13 05:00:00,0.0
1969-01-13 05:15:00,0.01334537
1969-01-13 05:30:00,0.02669074
1969-01-13 05:45:00,0.040036112
1969-01-13 06:00:00,0.05338148
1969-01-13 06:15:00,0.06672685
1969-01-13 06:30:00,0.080072224
1969-01-13 06:45:00,0.09341759
1969-01-13 07:00:00,0.10676296
1969-01-13 07:15:00,0.12010833
1969-01-13 07:30:00,0.1334537
1969-01-13 07:45:00,0.14679907
1969-01-13 08:00:00,0.14679907
1969-01-13 08:15:00,0.21565188
1969-01-13 08:30:00,0.2845047
1969-01-13 08:45:00,0.35335752
1969-01-13 09:00:00,0.42221034
1969-01-13 09:15:00,0.47539264
1969-01-13 09:30:00,0.52857494
1969-01-13 09:45:00,0.5817572
1969-01-13 10:00:00,0.6349395
1969-01-13 10:15:00,0.67444503
1969-01-13 10:30:00,0.71395063
1969-01-13 10:45:00,0.7534562
1969-01-13 11:00:00,0.7929617
1969-01-13 11:15:00,0.79272985
1969-01-13 11:30:00,0.79249805
1969-01-13 11:45:00,0.79226625
1969-01-13 12:00:00,0.7920344
1969-01-13 12:15:00,0.7329691
1969-01-13 12:30:00,0.6739038
1969-01-13 12:45:00,0.61483854
1969-01-13 13:00:00,0.55577326
1969-01-13 13:15:00,0.5345004
1969-01-13 13:30:00,0.5132276
1969-01-13 13:45:00,0.4919548
1969-01-13 14:00:00,0.47068197
1969-01-13 14:15:00,0.43706232
1969-01-13 14:30:00,0.4034427
1969-01-13 14:45:00,0.3698231
1969-01-13 15:00:00,0.33620346
1969-01-13 15:15:00,0.3177709
1969-01-13 15:30:00,0.29933834
1969-01-13 15:45:00,0.28090578
1969-01-13 16:00:00,0.26247323
1969-01-13 16:15:00,0.2326373
1969-01-13 16:30:00,0.20280138
1969-01-13 16:45:00,0.17296544
1969-01-13 17:00:00,0.17296544
1969-01-13 17:15:00,0.1482561
1969-01-13 17:30:00,0.12354674
1969-01-13 17:45:00,0.09883739
1969-01-13 18:00:00,0.07412805
1969-01-13 18:15:00,0.049418695
1969-01-13 18:30:00,0.024709348
1969-01-13 18:45:00,0.0
1969-01-13 19:00:00,0.0
1969-01-13 19:15:00,0.0
1969-01-13 19:30:00,0.0
1969-01-13 19:45:00,0.0
1969-01-13 20:00:00,0.0
1969-01-13 20:15:00,0.0
1969-01-13 20:30:00,0.0
1969-01-13 20:45:00,0.0
1969-01-13 21:00:00,0.0
1969-01-13 21:15:00,0.0
1969-01-13 21:30:00,0.0
1969-01-13 21:45:00,0.0
1969-01-13 22:00:00,0.0
1969-01-13 22:15:00,0.0
1969-01-13 22:30:00,0.0
1969-01-13 22:45:00,0.0
1969-01-13 23:00:00,0.0
1969-01-13 23:15:00,0.0
1969-01-13 23:30:00,0.0
1969-01-13 23:45:00,0.0
1969-01-14 00:00:00,0.0
1969-01-14 00:15:00,0.0
1969-01-14 00:30:00,0.0
1969-01-14 00:45:00,0.0
1969-01-14 01:00:00,0.0
1969-01-14 01:15:00,0.0
1969-01-14 01:30:00,0.0
1969-01-14 01:45:00,0.0
1969-01-14 02:00:00,0.0
1969-01-14 02:15:00,0.0
1969-01-14 02:30:00,0.0
1969-01-14 02:45:00,0.0
1969-01-14 03:00:00,0.0
1969-01-14 03:15:00,0.0
1969-01-14 03:30:00,0.0
1969-01-14 03:45:00,0.0
1969-01-14 04:00:00,0.0
1969-01-14 04:15:00,0.0
1969-01-14 04:30:00,0.0
1969-01-14 04:45:00,0.0
1969-01-14 05:00:00,0.0
1969-01-14 05:15:00,0.0061983536
1969-01-14 05:30:00,0.012396707
1969-01-14 05:45:00,0.01859506
1969-01-14 06:00:00,0.024793414
1969-01-14 06:15:00,0.030991767
1969-01-14 06:30:00,0.03719012
1969-01-14 06:45:00,0.043388475
1969-01-14 07:00:00,0.04958683
1969-01-14 07:15:00,0.05578518
1969-01-14 07:30:00,0.061983533
1969-01-14 07:45:00,0.06818189
1969-01-14 08:00:00,0.06818189
1969-01-14 08:15:00,0.074143864
1969-01-14 08:30:00,0.08010584
1969-01-14 08:45:00,0.08606781
1969-01-14 09:00:00,0.09202979
1969-01-14 09:15:00,0.10013582
1969-01-14 09:30:00,0.108241856
1969-01-14 09:45:00,0.11634789
1969-01-14 10:00:00,0.12445392
1969-01-14 10:15:00,0.12981017
1969-01-14 10:30:00,0.13516642
1969-01-14 10:45:00,0.14052267
1969-01-14 11:00:00,0.14587893
1969-01-14 11:15:00,0.14594112
1969-01-14 11:30:00,0.1460033
1969-01-14 11:45:00,0.1460655
1969-01-14 12:00:00,0.1461277
1969-01-14 12:15:00,0.14460668
1969-01-14 12:30:00,0.14308566
1969-01-14 12:45:00,0.14156465
1969-01-14 13:00:00,0.14004363
1969-01-14 13:15:00,0.1370401
1969-01-14 13:30:00,0.13403657
1969-01-14 13:45:00,0.13103303
1969-01-14 14:00:00,0.1280295
1969-01-14 14:15:00,0.12152133
1969-01-14 14:30:00,0.11501317
1969-01-14 14:45:00,0.10850501
1969-01-14 15:00:00,0.10199685
1969-01-14 15:15:00,0.100881934
1969-01-14 15:30:00,0.09976703
1969-01-14 15:45:00,0.098652124
1969-01-14 16:00:00,0.09753721
1969-01-14 16:15:00,0.092788376
1969-01-14 16:30:00,0.08803953
1969-01-14 16:45:00,0.083290696
1969-01-14 17:00:00,0.083290696
1969-01-14 17:15:00,0.07139202
1969-01-14 17:30:00,0.059493355
1969-01-14 17:45:00,0.047594685
1969-01-14 18:00:00,0.03569601
1969-01-14 18:15:00,0.023797343
1969-01-14 18:30:00,0.011898671
1969-01-14 18:45:00,0.0
1969-01-14 19:00:00,0.0
1969-01-14 19:15:00,0.0
1969-01-14 19:30:00,0.0
1969-01-14 19:45:00,0.0
1969-01-14 20:00:00,0.0
1969-01-14 20:15:00,0.0
1969-01-14 20:30:00,0.0
1969-01-14 20:45:00,0.0
1969-01-14 21:00:00,0.0
1969-01-14 21:15:00,0.0
1969-01-14 21:30:00,0.0
1969-01-14 21:45:00,0.0
1969-01-14 22:00:00,0.0
1969-01-14 22:15:00,0.0
1969-01-14 22:30:00,0.0
1969-01-14 22:45:00,0.0
1969-01-14 23:00:00,0.0
1969-01-14 23:15:00,0.0
1969-01-14 23:30:00,0.0
1969-01-14 23:45:00,0.0
1969-01-15 00:00:00,0.0
1969-01-15 00:15:00,0.0
1969-01-15 00:30:00,0.0
1969-01-15 00:45:00,0.0
1969-01-15 01:00:00,0.0
1969-01-15 01:15:00,0.0
1969-01-15 01:30:00,0.0
1969-01-15 01:45:00,0.0
1969-01-15 02:00:00,0.0
1969-01-15 02:15:00,0.0
1969-01-15 02:30:00,0.0
1969-01-15 02:45:00,0.0
1969-01-15 03:00:00,0.0
1969-01-15 03:15:00,0.0
1969-01-15 03:30:00,0.0
1969-01-15 03:45:00,0.0
1969-01-15 04:00:00,0.0
1969-01-15 04:15:00,0.0
1969-01-15 04:30:00,0.0
1969-01-15 04:45:00,0.0
1969-01-15 05:00:00,0.0
1969-01-15 05:15:00,0.006242736
1969-01-15 05:30:00,0.012485472
1969-01-15 05:45:00,0.018728208
1969-01-15 06:00:00,0.024970943
1969-01-15 06:15:00,0.031213678
1969-01-15 06:30:00,0.037456416
1969-01-15 06:45:00,0.04369915
1969-01-15 07:00:00,0.049941886
1969-01-15 07:15:00,0.056184623
1969-01-15 07:30:00,0.062427357
1969-01-15 07:45:00,0.068670094
1969-01-15 08:00:00,0.068670094
1969-01-15 08:15:00,0.07429907
1969-01-15 08:30:00,0.07992805
1969-01-15 08:45:00,0.08555703
1969-01-15 09:00:00,0.091186
1969-01-15 09:15:00,0.10625607
1969-01-15 09:30:00,0.121326126
1969-01-15 09:45:00,0.13639618
1969-01-15 10:00:00,0.15146625
1969-01-15 10:15:00,0.16644916
1969-01-15 10:30:00,0.18143208
1969-01-15 10:45:00,0.196415
1969-01-15 11:00:00,0.21139792
1969-01-15 11:15:00,0.21516299
1969-01-15 11:30:00,0.21892808
1969-01-15 11:45:00,0.22269318
1969-01-15 12:00:00,0.22645825
1969-01-15 12:15:00,0.23117487
1969-01-15 12:30:00,0.23589149
1969-01-15 12:45:00,0.2406081
1969-01-15 13:00:00,0.24532472
1969-01-15 13:15:00,0.23675472
1969-01-15 13:30:00,0.22818471
1969-01-15 13:45:00,0.21961471
1969-01-15 14:00:00,0.21104471
1969-01-15 14:15:00,0.20150201
1969-01-15 14:30:00,0.1919593
1969-01-15 14:45:00,0.1824166
1969-01-15 15:00:00,0.1728739
1969-01-15 15:15:00,0.15784894
1969-01-15 15:30:00,0.14282398
1969-01-15 15:45:00,0.12779902
1969-01-15 16:00:00,0.11277405
1969-01-15 16:15:00,0.10457375
1969-01-15 16:30:00,0.09637344
1969-01-15 16:45:00,0.088173136
1969-01-15 17:00:00,0.088173136
1969-01-15 17:15:00,0.075576976
1969-01-15 17:30:00,0.06298081
1969-01-15 17:45:00,0.05038465
1969-01-15 18:00:00,0.037788488
1969-01-15 18:15:00,0.025192324
1969-01-15 18:30:00,0.012596162
1969-01-15 18:45:00,0.0
1969-01-15 19:00:00,0.0
1969-01-15 19:15:00,0.0
1969-01-15 19:30:00,0.0
1969-01-15 19:45:00,0.0
1969-01-15 20:00:00,0.0
1969-01-15 20:15:00,0.0
1969-01-15 20:30:00,0.0
1969-01-15 20:45:00,0.0
1969-01-15 21:00:00,0.0
1969-01-15 21:15:00,0.0
1969-01-15 21:30:00,0.0
1969-01-15 21:45:00,0.0
1969-01-15 22:00:00,0.0
1969-01-15 22:15:00,0.0
1969-01-15 22:30:00,0.0
1969-01-15 22:45:00,0.0
1969-01-15 23:00:00,0.0
1969-01-15 23:15:00,0.0
1969-01-15 23:30:00,0.0
1969-01-15 23:45:00,0.0
1969-01-16 00:00:00,0.0
1969-01-16 00:15:00,0.0
1969-01-16 00:30:00,0.0
1969-01-16 00:45:00,0.0
1969-01-16 01:00:00,0.0
1969-01-16 01:15:00,0.0
1969-01-16 01:30:00,0.0
1969-01-16 01:45:00,0.0
1969-01-16 02:00:00,0.0
1969-01-16 02:15:00,0.0
1969-01-16 02:30:00,0.0
1969-01-16 02:45:00,0.0
1969-01-16 03:00:00,0.0
1969-01-16 03:15:00,0.0
1969-01-16 03:30:00,0.0
1969-01-16 03:45:00,0.0
1969-01-16 04:00:00,0.0
1969-01-16 04:15:00,0.0
1969-01-16 04:30:00,0.0
1969-01-16 04:45:00,0.0
1969-01-16 05:00:00,0.0
1969-01-16 05:15:00,0.007432911
1969-01-16 05:30:00,0.014865822
1969-01-16 05:45:00,0.022298733
1969-01-16 06:00:00,0.029731644
1969-01-16 06:15:00,0.037164558
1969-01-16 06:30:00,0.044597466
1969-01-16 06:45:00,0.052030377
1969-01-16 07:00:00,0.05946329
1969-01-16 07:15:00,0.0668962
1969-01-16 07:30:00,0.074329115
1969-01-16 07:45:00,0.08176202
1969-01-16 08:00:00,0.08176202
1969-01-16 08:15:00,0.09500565
1969-01-16 08:30:00,0.10824926
1969-01-16 08:45:00,0.121492885
1969-01-16 09:00:00,0.13473651
1969-01-16 09:15:00,0.16427091
1969-01-16 09:30:00,0.19380529
1969-01-16 09:45:00,0.22333968
1969-01-16 10:00:00,0.25287408
1969-01-16 10:15:00,0.31049895
1969-01-16 10:30:00,0.36812386
1969-01-16 10:45:00,0.42574877
1969-01-16 11:00:00,0.48337364
1969-01-16 11:15:00,0.5109072
1969-01-16 11:30:00,0.5384407
1969-01-16 11:45:00,0.5659742
1969-01-16 12:00:00,0.5935077
1969-01-16 12:15:00,0.591155
1969-01-16 12:30:00,0.5888022
1969-01-16 12:45:00,0.5864495
1969-01-16 13:00:00,0.5840968
1969-01-16 13:15:00,0.57596767
1969-01-16 13:30:00,0.56783855
1969-01-16 13:45:00,0.55970937
1969-01-16 14:00:00,0.55158025
1969-01-16 14:15:00,0.55543154
1969-01-16 14:30:00,0.5592829
1969-01-16 14:45:00,0.5631342
1969-01-16 15:00:00,0.5669855
1969-01-16 15:15:00,0.52862173
1969-01-16 15:30:00,0.490258
1969-01-16 15:45:00,0.45189428
1969-01-16 16:00:00,0.41353053
1969-01-16 16:15:00,0.35041064
1969-01-16 16:30:00,0.28729075
1969-01-16 16:45:00,0.2241709
1969-01-16 17:00:00,0.2241709
1969-01-16 17:15:00,0.19214648
1969-01-16 17:30:00,0.16012207
1969-01-16 17:45:00,0.12809765
1969-01-16 18:00:00,0.09607324
1969-01-16 18:15:00,0.06404883
1969-01-16 18:30:00,0.032024413
1969-01-16 18:45:00,0.0
1969-01-16 19:00:00,0.0
1969-01-16 19:15:00,0.0
1969-01-16 19:30:00,0.0
1969-01-16 19:45:00,0.0
1969-01-16 20:00:00,0.0
1969-01-16 20:15:00,0.0
1969-01-16 20:30:00,0.0
1969-01-16 20:45:00,0.0
1969-01-16 21:00:00,0.0
1969-01-16 21:15:00,0.0
1969-01-16 21:30:00,0.0
1969-01-16 21:45:00,0.0
1969-01-16 22:00:00,0.0
1969-01-16 22:15:00,0.0
1969-01-16 22:30:00,0.0
1969-01-16 22:45:00,0.0
1969-01-16 23:00:00,0.0
1969-01-16 23:15:00,0.0
1969-01-16 23:30:00,0.0
1969-01-16 23:45:00,0.0
1969-01-17 00:00:00,0.0
1969-01-17 00:15:00,0.0
1969-01-17 00:30:00,0.0
1969-01-17 00:45:00,0.0
1969-01-17 01:00:00,0.0
1969-01-17 01:15:00,0.0
1969-01-17 01:30:00,0.0
1969-01-17 01:45:00,0.0
1969-01-17 02:00:00,0.0
1969-01-17 02:15:00,0.0
1969-01-17 02:30:00,0.0
1969-01-17 02:45:00,0.0
1969-01-17 03:00:00,0.0
1969-01-17 03:15:00,0.0
1969-01-17 03:30:00,0.0
1969-01-17 03:45:00,0.0
1969-01-17 04:00:00,0.0
1969-01-17 04:15:00,0.0
1969-01-17 04:30:00,0.0
1969-01-17 04:45:00,0.0
1969-01-17 05:00:00,0.0
1969-01-17 05:15:00,0.011030753
1969-01-17 05:30:00,0.022061506
1969-01-17 05:45:00,0.03309226
1969-01-17 06:00:00,0.044123013
1969-01-17 06:15:00,0.055153765
1969-01-17 06:30:00,0.06618452
1969-01-17 06:45:00,0.07721527
1969-01-17 07:00:00,0.088246025
1969-01-17 07:15:00,0.09927678
1969-01-17 07:30:00,0.11030753
1969-01-17 07:45:00,0.121338286
1969-01-17 08:00:00,0.121338286
1969-01-17 08:15:00,0.18391304
1969-01-17 08:30:00,0.24648778
1969-01-17 08:45:00,0.30906254
1969-01-17 09:00:00,0.37163728
1969-01-17 09:15:00,0.43266228
1969-01-17 09:30:00,0.49368727
1969-01-17 09:45:00,0.5547123
1969-01-17 10:00:00,0.61573726
1969-01-17 10:15:00,0.6580907
1969-01-17 10:30:00,0.7004441
1969-01-17 10:45:00,0.74279755
1969-01-17 11:00:00,0.785151
1969-01-17 11:15:00,0.80512345
1969-01-17 11:30:00,0.82509595
1969-01-17 11:45:00,0.84506845
1969-01-17 12:00:00,0.8650409
1969-01-17 12:15:00,0.8685189
1969-01-17 12:30:00,0.8719969
1969-01-17 12:45:00,0.87547493
1969-01-17 13:00:00,0.8789529
1969-01-17 13:15:00,0.8671854
1969-01-17 13:30:00,0.85541797
1969-01-17 13:45:00,0.84365046
1969-01-17 14:00:00,0.83188295
1969-01-17 14:15:00,0.80148464
1969-01-17 14:30:00,0.77108634
1969-01-17 14:45:00,0.7406881
1969-01-17 15:00:00,0.7102898
1969-01-17 15:15:00,0.65810996
1969-01-17 15:30:00,0.60593015
1969-01-17 15:45:00,0.55375034
1969-01-17 16:00:00,0.5015705
1969-01-17 16:15:00,0.43108022
1969-01-17 16:30:00,0.3605899
1969-01-17 16:45:00,0.2900996
1969-01-17 17:00:00,0.2900996
1969-01-17 17:15:00,0.2486568
1969-01-17 17:30:00,0.207214
1969-01-17 17:45:00,0.1657712
1969-01-17 18:00:00,0.1243284
1969-01-17 18:15:00,0.0828856
1969-01-17 18:30:00,0.0414428
1969-01-17 18:45:00,0.0
1969-01-17 19:00:00,0.0
1969-01-17 19:15:00,0.0
1969-01-17 19:30:00,0.0
1969-01-17 19:45:00,0.0
1969-01-17 20:00:00,0.0
1969-01-17 20:15:00,0.0
1969-01-17 20:30:00,0.0
1969-01-17 20:45:00,0.0
1969-01-17 21:00:00,0.0
1969-01-17 21:15:00,0.0
1969-01-17 21:30:00,0.0
1969-01-17 21:45:00,0.0
1969-01-17 22:00:00,0.0
1969-01-17 22:15:00,0.0
1969-01-17 22:30:00,0.0
1969-01-17 22:45:00,0.0
1969-01-17 23:00:00,0.0
1969-01-17 23:15:00,0.0
1969-01-17 23:30:00,0.0
1969-01-17 23:45:00,0.0
1969-01-18 00:00:00,0.0
1969-01-18 00:15:00,0.0
1969-01-18 00:30:00,0.0
1969-01-18 00:45:00,0.0
1969-01-18 01:00:00,0.0
1969-01-18 01:15:00,0.0
1969-01-18 01:30:00,0.0
1969-01-18 01:45:00,0.0
1969-01-18 02:00:00,0.0
1969-01-18 02:15:00,0.0
1969-01-18 02:30:00,0.0
1969-01-18 02:45:00,0.0
1969-01-18 03:00:00,0.0
1969-01-18 03:15:00,0.0
1969-01-18 03:30:00,0.0
1969-01-18 03:45:00,0.0
1969-01-18 04:00:00,0.0
1969-01-18 04:15:00,0.0
1969-01-18 04:30:00,0.0
1969-01-18 04:45:00,0.0
1969-01-18 05:00:00,0.0
1969-01-18 05:15:00,0.0090676965
1969-01-18 05:30:00,0.018135393
1969-01-18 05:45:00,0.02720309
1969-01-18 06:00:00,0.036270786
1969-01-18 06:15:00,0.04533848
1969-01-18 06:30:00,0.05440618
1969-01-18 06:45:00,0.06347387
1969-01-18 07:00:00,0.07254157
1969-01-18 07:15:00,0.08160927
1969-01-18 07:30:00,0.09067696
1969-01-18 07:45:00,0.09974466
1969-01-18 08:00:00,0.09974466
1969-01-18 08:15:00,0.14537387
1969-01-18 08:30:00,0.19100308
1969-01-18 08:45:00,0.23663229
1969-01-18 09:00:00,0.2822615
1969-01-18 09:15:00,0.36571175
1969-01-18 09:30:00,0.449162
1969-01-18 09:45:00,0.53261226
1969-01-18 10:00:00,0.6160625
1969-01-18 10:15:00,0.65591055
1969-01-18 10:30:00,0.6957586
1969-01-18 10:45:00,0.7356066
1969-01-18 11:00:00,0.77545464
1969-01-18 11:15:00,0.7811517
1969-01-18 11:30:00,0.7868488
1969-01-18 11:45:00,0.79254586
1969-01-18 12:00:00,0.7982429
1969-01-18 12:15:00,0.7930944
1969-01-18 12:30:00,0.78794587
1969-01-18 12:45:00,0.78279734
1969-01-18 13:00:00,0.7776488
1969-01-18 13:15:00,0.7524636
1969-01-18 13:30:00,0.72727835
1969-01-18 13:45:00,0.7020931
1969-01-18 14:00:00,0.6769079
1969-01-18 14:15:00,0.6285988
1969-01-18 14:30:00,0.5802897
1969-01-18 14:45:00,0.53198063
1969-01-18 15:00:00,0.48367155
1969-01-18 15:15:00,0.43322968
1969-01-18 15:30:00,0.3827878
1969-01-18 15:45:00,0.3323459
1969-01-18 16:00:00,0.28190404
1969-01-18 16:15:00,0.24690393
1969-01-18 16:30:00,0.21190381
1969-01-18 16:45:00,0.17690368
1969-01-18 17:00:00,0.17690368
1969-01-18 17:15:00,0.15163173
1969-01-18 17:30:00,0.12635978
1969-01-18 17:45:00,0.101087816
1969-01-18 18:00:00,0.075815864
1969-01-18 18:15:00,0.050543908
1969-01-18 18:30:00,0.025271954
1969-01-18 18:45:00,0.0
1969-01-18 19:00:00,0.0
1969-01-18 19:15:00,0.0
1969-01-18 19:30:00,0.0
1969-01-18 19:45:00,0.0
1969-01-18 20:00:00,0.0
1969-01-18 20:15:00,0.0
1969-01-18 20:30:00,0.0
1969-01-18 20:45:00,0.0
1969-01-18 21:00:00,0.0
1969-01-18 21:15:00,0.0
1969-01-18 21:30:00,0.0
1969-01-18 21:45:00,0.0
1969-01-18 22:00:00,0.0
1969-01-18 22:15:00,0.0
1969-01-18 22:30:00,0.0
1969-01-18 22:45:00,0.0
1969-01-18 23:00:00,0.0
1969-01-18 23:15:00,0.0
1969-01-18 23:30:00,0.0
1969-01-18 23:45:00,0.0
1969-01-19 00:00:00,0.0
1969-01-19 00:15:00,0.0
1969-01-19 00:30:00,0.0
1969-01-19 00:45:00,0.0
1969-01-19 01:00:00,0.0
1969-01-19 01:15:00,0.0
1969-01-19 01:30:00,0.0
1969-01-19 01:45:00,0.0
1969-01-19 02:00:00,0.0
1969-01-19 02:15:00,0.0
1969-01-19 02:30:00,0.0
1969-01-19 02:45:00,0.0
1969-01-19 03:00:00,0.0
1969-01-19 03:15:00,0.0
1969-01-19 03:30:00,0.0
1969-01-19 03:45:00,0.0
1969-01-19 04:00:00,0.0
1969-01-19 04:15:00,0.0
1969-01-19 04:30:00,0.0
1969-01-19 04:45:00,0.0
1969-01-19 05:00:00,0.0
1969-01-19 05:15:00,0.010323018
1969-01-19 05:30:00,0.020646036
1969-01-19 05:45:00,0.030969054
1969-01-19 06:00:00,0.04129207
1969-01-19 06:15:00,0.05161509
1969-01-19 06:30:00,0.061938107
1969-01-19 06:45:00,0.072261125
1969-01-19 07:00:00,0.08258414
1969-01-19 07:15:00,0.09290716
1969-01-19 07:30:00,0.10323018
1969-01-19 07:45:00,0.113553196
1969-01-19 08:00:00,0.113553196
1969-01-19 08:15:00,0.17099881
1969-01-19 08:30:00,0.22844444
1969-01-19 08:45:00,0.28589007
1969-01-19 09:00:00,0.3433357
1969-01-19 09:15:00,0.40907973
1969-01-19 09:30:00,0.47482374
1969-01-19 09:45:00,0.54056776
1969-01-19 10:00:00,0.6063118
1969-01-19 10:15:00,0.6476371
1969-01-19 10:30:00,0.6889625
1969-01-19 10:45:00,0.7302879
1969-01-19 11:00:00,0.77161324
1969-01-19 11:15:00,0.79157025
1969-01-19 11:30:00,0.81152725
1969-01-19 11:45:00,0.83148426
1969-01-19 12:00:00,0.85144126
1969-01-19 12:15:00,0.8578823
1969-01-19 12:30:00,0.8643234
1969-01-19 12:45:00,0.87076443
1969-01-19 13:00:00,0.8772055
1969-01-19 13:15:00,0.8584558
1969-01-19 13:30:00,0.8397061
1969-01-19 13:45:00,0.82095647
1969-01-19 14:00:00,0.80220675
1969-01-19 14:15:00,0.78150725
1969-01-19 14:30:00,0.76080775
1969-01-19 14:45:00,0.7401083
1969-01-19 15:00:00,0.7194088
1969-01-19 15:15:00,0.6714347
1969-01-19 15:30:00,0.62346065
1969-01-19 15:45:00,0.57548654
1969-01-19 16:00:00,0.52751243
1969-01-19 16:15:00,0.46342927
1969-01-19 16:30:00,0.39934614
1969-01-19 16:45:00,0.335263
1969-01-19 17:00:00,0.335263
1969-01-19 17:15:00,0.2873683
1969-01-19 17:30:00,0.23947358
1969-01-19 17:45:00,0.19157887
1969-01-19 18:00:00,0.14368415
1969-01-19 18:15:00,0.09578943
1969-01-19 18:30:00,0.047894716
1969-01-19 18:45:00,0.0
1969-01-19 19:00:00,0.0
1969-01-19 19:15:00,0.0
1969-01-19 19:30:00,0.0
1969-01-19 19:45:00,0.0
1969-01-19 20:00:00,0.0
1969-01-19 20:15:00,0.0
1969-01-19 20:30:00,0.0
1969-01-19 20:45:00,0.0
1969-01-19 21:00:00,0.0
1969-01-19 21:15:00,0.0
1969-01-19 21:30:00,0.0
1969-01-19 21:45:00,0.0
1969-01-19 22:00:00,0.0
1969-01-19 22:15:00,0.0
1969-01-19 22:30:00,0.0
1969-01-19 22:45:00,0.0
1969-01-19 23:00:00,0.0
1969-01-19 23:15:00,0.0
1969-01-19 23:30:00,0.0
1969-01-19 23:45:00,0.0
1969-01-20 00:00:00,0.0
1969-01-20 00:15:00,0.0
1969-01-20 00:30:00,0.0
1969-01-20 00:45:00,0.0
1969-01-20 01:00:00,0.0
1969-01-20 01:15:00,0.0
1969-01-20 01:30:00,0.0
1969-01-20 01:45:00,0.0
1969-01-20 02:00:00,0.0
1969-01-20 02:15:00,0.0
1969-01-20 02:30:00,0.0
1969-01-20 02:45:00,0.0
1969-01-20 03:00:00,0.0
1969-01-20 03:15:00,0.0
1969-01-20 03:30:00,0.0
1969-01-20 03:45:00,0.0
1969-01-20 04:00:00,0.0
1969-01-20 04:15:00,0.0
1969-01-20 04:30:00,0.0
1969-01-20 04:45:00,0.0
1969-01-20 05:00:00,0.0
1969-01-20 05:15:00,0.009702045
1969-01-20 05:30:00,0.01940409
1969-01-20 05:45:00,0.029106133
1969-01-20 06:00:00,0.03880818
1969-01-20 06:15:00,0.048510224
1969-01-20 06:30:00,0.058212265
1969-01-20 06:45:00,0.067914315
1969-01-20 07:00:00,0.07761636
1969-01-20 07:15:00,0.0873184
1969-01-20 07:30:00,0.09702045
1969-01-20 07:45:00,0.10672249
1969-01-20 08:00:00,0.10672249
1969-01-20 08:15:00,0.16842172
1969-01-20 08:30:00,0.23012096
1969-01-20 08:45:00,0.29182017
1969-01-20 09:00:00,0.3535194
1969-01-20 09:15:00,0.4340514
1969-01-20 09:30:00,0.51458335
1969-01-20 09:45:00,0.59511536
1969-01-20 10:00:00,0.6756473
1969-01-20 10:15:00,0.70640093
1969-01-20 10:30:00,0.7371546
1969-01-20 10:45:00,0.7679082
1969-01-20 11:00:00,0.7986618
1969-01-20 11:15:00,0.8171744
1969-01-20 11:30:00,0.8356869
1969-01-20 11:45:00,0.8541995
1969-01-20 12:00:00,0.8727121
1969-01-20 12:15:00,0.87125206
1969-01-20 12:30:00,0.869792
1969-01-20 12:45:00,0.8683319
1969-01-20 13:00:00,0.8668719
1969-01-20 13:15:00,0.85344386
1969-01-20 13:30:00,0.84001577
1969-01-20 13:45:00,0.82658774
1969-01-20 14:00:00,0.8131597
1969-01-20 14:15:00,0.79184103
1969-01-20 14:30:00,0.77052236
1969-01-20 14:45:00,0.7492036
1969-01-20 15:00:00,0.72788495
1969-01-20 15:15:00,0.6799552
1969-01-20 15:30:00,0.6320254
1969-01-20 15:45:00,0.58409566
1969-01-20 16:00:00,0.5361659
1969-01-20 16:15:00,0.45948228
1969-01-20 16:30:00,0.38279864
1969-01-20 16:45:00,0.30611503
1969-01-20 17:00:00,0.30611503
1969-01-20 17:15:00,0.26238433
1969-01-20 17:30:00,0.21865359
1969-01-20 17:45:00,0.17492287
1969-01-20 18:00:00,0.13119216
1969-01-20 18:15:00,0.087461434
1969-01-20 18:30:00,0.043730717
1969-01-20 18:45:00,0.0
1969-01-20 19:00:00,0.0
1969-01-20 19:15:00,0.0
1969-01-20 19:30:00,0.0
1969-01-20 19:45:00,0.0
1969-01-20 20:00:00,0.0
1969-01-20 20:15:00,0.0
1969-01-20 20:30:00,0.0
1969-01-20 20:45:00,0.0
1969-01-20 21:00:00,0.0
1969-01-20 21:15:00,0.0
1969-01-20 21:30:00,0.0
1969-01-20 21:45:00,0.0
1969-01-20 22:00:00,0.0
1969-01-20 22:15:00,0.0
1969-01-20 22:30:00,0.0
1969-01-20 22:45:00,0.0
1969-01-20 23:00:00,0.0
1969-01-20 23:15:00,0.0
1969-01-20 23:30:00,0.0
1969-01-20 23:45:00,0.0
1969-01-21 00:00:00,0.0
1969-01-21 00:15:00,0.0
1969-01-21 00:30:00,0.0
1969-01-21 00:45:00,0.0
1969-01-21 01:00:00,0.0
1969-01-21 01:15:00,0.0
1969-01-21 01:30:00,0.0
1969-01-21 01:45:00,0.0
1969-01-21 02:00:00,0.0
1969-01-21 02:15:00,0.0
1969-01-21 02:30:00,0.0
1969-01-21 02:45:00,0.0
1969-01-21 03:00:00,0.0
1969-01-21 03:15:00,0.0
1969-01-21 03:30:00,0.0
1969-01-21 03:45:00,0.0
1969-01-21 04:00:00,0.0
1969-01-21 04:15:00,0.0
1969-01-21 04:30:00,0.0
1969-01-21 04:45:00,0.0
1969-01-21 05:00:00,0.0
1969-01-21 05:15:00,0.011195552
1969-01-21 05:30:00,0.022391103
1969-01-21 05:45:00,0.033586655
1969-01-21 06:00:00,0.044782206
1969-01-21 06:15:00,0.055977758
1969-01-21 06:30:00,0.06717331
1969-01-21 06:45:00,0.078368865
1969-01-21 07:00:00,0.08956441
1969-01-21 07:15:00,0.10075997
1969-01-21 07:30:00,0.111955516
1969-01-21 07:45:00,0.12315107
1969-01-21 08:00:00,0.12315107
1969-01-21 08:15:00,0.20058025
1969-01-21 08:30:00,0.27800944
1969-01-21 08:45:00,0.35543865
1969-01-21 09:00:00,0.43286783
1969-01-21 09:15:00,0.5018083
1969-01-21 09:30:00,0.5707488
1969-01-21 09:45:00,0.63968927
1969-01-21 10:00:00,0.7086297
1969-01-21 10:15:00,0.74362385
1969-01-21 10:30:00,0.778618
1969-01-21 10:45:00,0.81361204
1969-01-21 11:00:00,0.84860617
1969-01-21 11:15:00,0.86278945
1969-01-21 11:30:00,0.8769727
1969-01-21 11:45:00,0.89115596
1969-01-21 12:00:00,0.90533924
1969-01-21 12:15:00,0.9010911
1969-01-21 12:30:00,0.89684296
1969-01-21 12:45:00,0.8925948
1969-01-21 13:00:00,0.8883467
1969-01-21 13:15:00,0.8774047
1969-01-21 13:30:00,0.8664627
1969-01-21 13:45:00,0.8555207
1969-01-21 14:00:00,0.84457874
1969-01-21 14:15:00,0.80331707
1969-01-21 14:30:00,0.7620554
1969-01-21 14:45:00,0.7207937
1969-01-21 15:00:00,0.67953205
1969-01-21 15:15:00,0.62062365
1969-01-21 15:30:00,0.56171525
1969-01-21 15:45:00,0.50280684
1969-01-21 16:00:00,0.44389844
1969-01-21 16:15:00,0.38177347
1969-01-21 16:30:00,0.3196485
1969-01-21 16:45:00,0.25752354
1969-01-21 17:00:00,0.25752354
1969-01-21 17:15:00,0.22073446
1969-01-21 17:30:00,0.18394539
1969-01-21 17:45:00,0.14715631
1969-01-21 18:00:00,0.11036723
1969-01-21 18:15:00,0.07357816
1969-01-21 18:30:00,0.03678908
1969-01-21 18:45:00,0.0
1969-01-21 19:00:00,0.0
1969-01-21 19:15:00,0.0
1969-01-21 19:30:00,0.0
1969-01-21 19:45:00,0.0
1969-01-21 20:00:00,0.0
1969-01-21 20:15:00,0.0
1969-01-21 20:30:00,0.0
1969-01-21 20:45:00,0.0
1969-01-21 21:00:00,0.0
1969-01-21 21:15:00,0.0
1969-01-21 21:30:00,0.0
1969-01-21 21:45:00,0.0
1969-01-21 22:00:00,0.0
1969-01-21 22:15:00,0.0
1969-01-21 22:30:00,0.0
1969-01-21 22:45:00,0.0
1969-01-21 23:00:00,0.0
1969-01-21 23:15:00,0.0
1969-01-21 23:30:00,0.0
1969-01-21 23:45:00,0.0
1969-01-22 00:00:00,0.0
1969-01-22 00:15:00,0.0
1969-01-22 00:30:00,0.0
1969-01-22 00:45:00,0.0
1969-01-22 01:00:00,0.0
1969-01-22 01:15:00,0.0
1969-01-22 01:30:00,0.0
1969-01-22 01:45:00,0.0
1969-01-22 02:00:00,0.0
1969-01-22 02:15:00,0.0
1969-01-22 02:30:00,0.0
1969-01-22 02:45:00,0.0
1969-01-22 03:00:00,0.0
1969-01-22 03:15:00,0.0
1969-01-22 03:30:00,0.0
1969-01-22 03:45:00,0.0
1969-01-22 04:00:00,0.0
1969-01-22 04:15:00,0.0
1969-01-22 04:30:00,0.0
1969-01-22 04:45:00,0.0
1969-01-22 05:00:00,0.0
1969-01-22 05:15:00,0.009366016
1969-01-22 05:30:00,0.018732032
1969-01-22 05:45:00,0.028098047
1969-01-22 06:00:00,0.037464064
1969-01-22 06:15:00,0.04683008
1969-01-22 06:30:00,0.056196094
1969-01-22 06:45:00,0.065562114
1969-01-22 07:00:00,0.07492813
1969-01-22 07:15:00,0.08429414
1969-01-22 07:30:00,0.09366016
1969-01-22 07:45:00,0.103026174
1969-01-22 08:00:00,0.103026174
1969-01-22 08:15:00,0.15328118
1969-01-22 08:30:00,0.2035362
1969-01-22 08:45:00,0.2537912
1969-01-22 09:00:00,0.3040462
1969-01-22 09:15:00,0.34729978
1969-01-22 09:30:00,0.39055336
1969-01-22 09:45:00,0.43380693
1969-01-22 10:00:00,0.4770605
1969-01-22 10:15:00,0.5055662
1969-01-22 10:30:00,0.5340718
1969-01-22 10:45:00,0.5625775
1969-01-22 11:00:00,0.59108317
1969-01-22 11:15:00,0.599531
1969-01-22 11:30:00,0.6079788
1969-01-22 11:45:00,0.6164267
1969-01-22 12:00:00,0.62487453
1969-01-22 12:15:00,0.6112303
1969-01-22 12:30:00,0.59758604
1969-01-22 12:45:00,0.5839418
1969-01-22 13:00:00,0.5702976
1969-01-22 13:15:00,0.5547234
1969-01-22 13:30:00,0.5391492
1969-01-22 13:45:00,0.52357507
1969-01-22 14:00:00,0.50800085
1969-01-22 14:15:00,0.45758307
1969-01-22 14:30:00,0.40716526
1969-01-22 14:45:00,0.35674745
1969-01-22 15:00:00,0.30632967
1969-01-22 15:15:00,0.2750395
1969-01-22 15:30:00,0.24374929
1969-01-22 15:45:00,0.21245912
1969-01-22 16:00:00,0.18116893
1969-01-22 16:15:00,0.16447303
1969-01-22 16:30:00,0.14777714
1969-01-22 16:45:00,0.13108125
1969-01-22 17:00:00,0.13108125
1969-01-22 17:15:00,0.11235536
1969-01-22 17:30:00,0.093629465
1969-01-22 17:45:00,0.07490357
1969-01-22 18:00:00,0.05617768
1969-01-22 18:15:00,0.037451785
1969-01-22 18:30:00,0.018725893
1969-01-22 18:45:00,0.0
1969-01-22 19:00:00,0.0
1969-01-22 19:15:00,0.0
1969-01-22 19:30:00,0.0
1969-01-22 19:45:00,0.0
1969-01-22 20:00:00,0.0
1969-01-22 20:15:00,0.0
1969-01-22 20:30:00,0.0
1969-01-22 20:45:00,0.0
1969-01-22 21:00:00,0.0
1969-01-22 21:15:00,0.0
1969-01-22 21:30:00,0.0
1969-01-22 21:45:00,0.0
1969-01-22 22:00:00,0.0
1969-01-22 22:15:00,0.0
1969-01-22 22:30:00,0.0
1969-01-22 22:45:00,0.0
1969-01-22 23:00:00,0.0
1969-01-22 23:15:00,0.0
1969-01-22 23:30:00,0.0
1969-01-22 23:45:00,0.0
1969-01-23 00:00:00,0.0
1969-01-23 00:15:00,0.0
1969-01-23 00:30:00,0.0
1969-01-23 00:45:00,0.0
1969-01-23 01:00:00,0.0
1969-01-23 01:15:00,0.0
1969-01-23 01:30:00,0.0
1969-01-23 01:45:00,0.0
1969-01-23 02:00:00,0.0
1969-01-23 02:15:00,0.0
1969-01-23 02:30:00,0.0
1969-01-23 02:45:00,0.0
1969-01-23 03:00:00,0.0
1969-01-23 03:15:00,0.0
1969-01-23 03:30:00,0.0
1969-01-23 03:45:00,0.0
1969-01-23 04:00:00,0.0
1969-01-23 04:15:00,0.0
1969-01-23 04:30:00,0.0
1969-01-23 04:45:00,0.0
1969-01-23 05:00:00,0.0
1969-01-23 05:15:00,0.008311643
1969-01-23 05:30:00,0.016623287
1969-01-23 05:45:00,0.024934929
1969-01-23 06:00:00,0.033246573
1969-01-23 06:15:00,0.041558214
1969-01-23 06:30:00,0.049869858
1969-01-23 06:45:00,0.0581815
1969-01-23 07:00:00,0.066493146
1969-01-23 07:15:00,0.07480478
1969-01-23 07:30:00,0.08311643
1969-01-23 07:45:00,0.09142807
1969-01-23 08:00:00,0.09142807
1969-01-23 08:15:00,0.1308714
1969-01-23 08:30:00,0.17031473
1969-01-23 08:45:00,0.20975807
1969-01-23 09:00:00,0.2492014
1969-01-23 09:15:00,0.30489445
1969-01-23 09:30:00,0.36058748
1969-01-23 09:45:00,0.4162805
1969-01-23 10:00:00,0.47197354
1969-01-23 10:15:00,0.5068569
1969-01-23 10:30:00,0.54174024
1969-01-23 10:45:00,0.57662356
1969-01-23 11:00:00,0.61150694
1969-01-23 11:15:00,0.56790125
1969-01-23 11:30:00,0.5242955
1969-01-23 11:45:00,0.4806898
1969-01-23 12:00:00,0.43708408
1969-01-23 12:15:00,0.4019876
1969-01-23 12:30:00,0.36689115
1969-01-23 12:45:00,0.33179468
1969-01-23 13:00:00,0.2966982
1969-01-23 13:15:00,0.30169925
1969-01-23 13:30:00,0.3067003
1969-01-23 13:45:00,0.3117013
1969-01-23 14:00:00,0.31670234
1969-01-23 14:15:00,0.30776718
1969-01-23 14:30:00,0.29883206
1969-01-23 14:45:00,0.2898969
1969-01-23 15:00:00,0.28096175
1969-01-23 15:15:00,0.25419143
1969-01-23 15:30:00,0.22742108
1969-01-23 15:45:00,0.20065075
1969-01-23 16:00:00,0.17388041
1969-01-23 16:15:00,0.15949178
1969-01-23 16:30:00,0.14510316
1969-01-23 16:45:00,0.13071452
1969-01-23 17:00:00,0.13071452
1969-01-23 17:15:00,0.11204102
1969-01-23 17:30:00,0.09336752
1969-01-23 17:45:00,0.074694015
1969-01-23 18:00:00,0.05602051
1969-01-23 18:15:00,0.037347008
1969-01-23 18:30:00,0.018673504
1969-01-23 18:45:00,0.0
1969-01-23 19:00:00,0.0
1969-01-23 19:15:00,0.0
1969-01-23 19:30:00,0.0
1969-01-23 19:45:00,0.0
1969-01-23 20:00:00,0.0
1969-01-23 20:15:00,0.0
1969-01-23 20:30:00,0.0
1969-01-23 20:45:00,0.0
1969-01-23 21:00:00,0.0
1969-01-23 21:15:00,0.0
1969-01-23 21:30:00,0.0
1969-01-23 21:45:00,0.0
1969-01-23 22:00:00,0.0
1969-01-23 22:15:00,0.0
1969-01-23 22:30:00,0.0
1969-01-23 22:45:00,0.0
1969-01-23 23:00:00,0.0
1969-01-23 23:15:00,0.0
1969-01-23 23:30:00,0.0
1969-01-23 23:45:00,0.0
1969-01-24 00:00:00,0.0
1969-01-24 00:15:00,0.0
1969-01-24 00:30:00,0.0
1969-01-24 00:45:00,0.0
1969-01-24 01:00:00,0.0
1969-01-24 01:15:00,0.0
1969-01-24 01:30:00,0.0
1969-01-24 01:45:00,0.0
1969-01-24 02:00:00,0.0
1969-01-24 02:15:00,0.0
1969-01-24 02:30:00,0.0
1969-01-24 02:45:00,0.0
1969-01-24 03:00:00,0.0
1969-01-24 03:15:00,0.0
1969-01-24 03:30:00,0.0
1969-01-24 03:45:00,0.0
1969-01-24 04:00:00,0.0
1969-01-24 04:15:00,0.0
1969-01-24 04:30:00,0.0
1969-01-24 04:45:00,0.0
1969-01-24 05:00:00,0.0
1969-01-24 05:15:00,0.008248492
1969-01-24 05:30:00,0.016496984
1969-01-24 05:45:00,0.024745476
1969-01-24 06:00:00,0.03299397
1969-01-24 06:15:00,0.041242458
1969-01-24 06:30:00,0.04949095
1969-01-24 06:45:00,0.05773944
1969-01-24 07:00:00,0.06598794
1969-01-24 07:15:00,0.07423642
1969-01-24 07:30:00,0.082484916
1969-01-24 07:45:00,0.09073341
1969-01-24 08:00:00,0.09073341
1969-01-24 08:15:00,0.1351495
1969-01-24 08:30:00,0.17956558
1969-01-24 08:45:00,0.22398166
1969-01-24 09:00:00,0.26839775
1969-01-24 09:15:00,0.34117267
1969-01-24 09:30:00,0.41394758
1969-01-24 09:45:00,0.4867225
1969-01-24 10:00:00,0.5594974
1969-01-24 10:15:00,0.6021687
1969-01-24 10:30:00,0.6448399
1969-01-24 10:45:00,0.68751115
1969-01-24 11:00:00,0.7301824
1969-01-24 11:15:00,0.75456226
1969-01-24 11:30:00,0.77894205
1969-01-24 11:45:00,0.80332184
1969-01-24 12:00:00,0.8277017
1969-01-24 12:15:00,0.82977766
1969-01-24 12:30:00,0.8318536
1969-01-24 12:45:00,0.8339296
1969-01-24 13:00:00,0.83600557
1969-01-24 13:15:00,0.8223196
1969-01-24 13:30:00,0.8086337
1969-01-24 13:45:00,0.7949477
1969-01-24 14:00:00,0.78126174
1969-01-24 14:15:00,0.74982613
1969-01-24 14:30:00,0.7183905
1969-01-24 14:45:00,0.6869549
1969-01-24 15:00:00,0.6555193
1969-01-24 15:15:00,0.6034149
1969-01-24 15:30:00,0.5513104
1969-01-24 15:45:00,0.49920598
1969-01-24 16:00:00,0.44710153
1969-01-24 16:15:00,0.3848985
1969-01-24 16:30:00,0.32269546
1969-01-24 16:45:00,0.26049244
1969-01-24 17:00:00,0.26049244
1969-01-24 17:15:00,0.22327924
1969-01-24 17:30:00,0.18606603
1969-01-24 17:45:00,0.14885283
1969-01-24 18:00:00,0.11163962
1969-01-24 18:15:00,0.07442641
1969-01-24 18:30:00,0.037213206
1969-01-24 18:45:00,0.0
1969-01-24 19:00:00,0.0
1969-01-24 19:15:00,0.0
1969-01-24 19:30:00,0.0
1969-01-24 19:45:00,0.0
1969-01-24 20:00:00,0.0
1969-01-24 20:15:00,0.0
1969-01-24 20:30:00,0.0
1969-01-24 20:45:00,0.0
1969-01-24 21:00:00,0.0
1969-01-24 21:15:00,0.0
1969-01-24 21:30:00,0.0
1969-01-24 21:45:00,0.0
1969-01-24 22:00:00,0.0
1969-01-24 22:15:00,0.0
1969-01-24 22:30:00,0.0
1969-01-24 22:45:00,0.0
1969-01-24 23:00:00,0.0
1969-01-24 23:15:00,0.0
1969-01-24 23:30:00,0.0
1969-01-24 23:45:00,0.0
1969-01-25 00:00:00,0.0
1969-01-25 00:15:00,0.0
1969-01-25 00:30:00,0.0
1969-01-25 00:45:00,0.0
1969-01-25 01:00:00,0.0
1969-01-25 01:15:00,0.0
1969-01-25 01:30:00,0.0
1969-01-25 01:45:00,0.0
1969-01-25 02:00:00,0.0
1969-01-25 02:15:00,0.0
1969-01-25 02:30:00,0.0
1969-01-25 02:45:00,0.0
1969-01-25 03:00:00,0.0
1969-01-25 03:15:00,0.0
1969-01-25 03:30:00,0.0
1969-01-25 03:45:00,0.0
1969-01-25 04:00:00,0.0
1969-01-25 04:15:00,0.0
1969-01-25 04:30:00,0.0
1969-01-25 04:45:00,0.0
1969-01-25 05:00:00,0.0
1969-01-25 05:15:00,0.011322546
1969-01-25 05:30:00,0.022645092
1969-01-25 05:45:00,0.033967637
1969-01-25 06:00:00,0.045290183
1969-01-25 06:15:00,0.05661273
1969-01-25 06:30:00,0.06793527
1969-01-25 06:45:00,0.07925782
1969-01-25 07:00:00,0.09058037
1969-01-25 07:15:00,0.10190291
1969-01-25 07:30:00,0.11322546
1969-01-25 07:45:00,0.124548
1969-01-25 08:00:00,0.124548
1969-01-25 08:15:00,0.16229312
1969-01-25 08:30:00,0.20003822
1969-01-25 08:45:00,0.23778334
1969-01-25 09:00:00,0.27552846
1969-01-25 09:15:00,0.3496984
1969-01-25 09:30:00,0.4238683
1969-01-25 09:45:00,0.49803823
1969-01-25 10:00:00,0.57220817
1969-01-25 10:15:00,0.6203326
1969-01-25 10:30:00,0.66845703
1969-01-25 10:45:00,0.71658146
1969-01-25 11:00:00,0.7647059
1969-01-25 11:15:00,0.78391874
1969-01-25 11:30:00,0.8031316
1969-01-25 11:45:00,0.8223445
1969-01-25 12:00:00,0.8415573
1969-01-25 12:15:00,0.8413094
1969-01-25 12:30:00,0.8410615
1969-01-25 12:45:00,0.8408136
1969-01-25 13:00:00,0.8405657
1969-01-25 13:15:00,0.8308757
1969-01-25 13:30:00,0.8211857
1969-01-25 13:45:00,0.81149566
1969-01-25 14:00:00,0.8018057
1969-01-25 14:15:00,0.7717184
1969-01-25 14:30:00,0.74163115
1969-01-25 14:45:00,0.71154386
1969-01-25 15:00:00,0.68145657
1969-01-25 15:15:00,0.62617195
1969-01-25 15:30:00,0.57088727
1969-01-25 15:45:00,0.5156026
1969-01-25 16:00:00,0.46031797
1969-01-25 16:15:00,0.39800933
1969-01-25 16:30:00,0.3357007
1969-01-25 16:45:00,0.27339208
1969-01-25 17:00:00,0.27339208
1969-01-25 17:15:00,0.23433606
1969-01-25 17:30:00,0.19528006
1969-01-25 17:45:00,0.15622404
1969-01-25 18:00:00,0.11716803
1969-01-25 18:15:00,0.07811202
1969-01-25 18:30:00,0.03905601
1969-01-25 18:45:00,0.0
1969-01-25 19:00:00,0.0
1969-01-25 19:15:00,0.0
1969-01-25 19:30:00,0.0
1969-01-25 19:45:00,0.0
1969-01-25 20:00:00,0.0
1969-01-25 20:15:00,0.0
1969-01-25 20:30:00,0.0
1969-01-25 20:45:00,0.0
1969-01-25 21:00:00,0.0
1969-01-25 21:15:00,0.0
1969-01-25 21:30:00,0.0
1969-01-25 21:45:00,0.0
1969-01-25 22:00:00,0.0
1969-01-25 22:15:00,0.0
1969-01-25 22:30:00,0.0
1969-01-25 22:45:00,0.0
1969-01-25 23:00:00,0.0
1969-01-25 23:15:00,0.0
1969-01-25 23:30:00,0.0
1969-01-25 23:45:00,0.0
1969-01-26 00:00:00,0.0
1969-01-26 00:15:00,0.0
1969-01-26 00:30:00,0.0
1969-01-26 00:45:00,0.0
1969-01-26 01:00:00,0.0
1969-01-26 01:15:00,0.0
1969-01-26 01:30:00,0.0
1969-01-26 01:45:00,0.0
1969-01-26 02:00:00,0.0
1969-01-26 02:15:00,0.0
1969-01-26 02:30:00,0.0
1969-01-26 02:45:00,0.0
1969-01-26 03:00:00,0.0
1969-01-26 03:15:00,0.0
1969-01-26 03:30:00,0.0
1969-01-26 03:45:00,0.0
1969-01-26 04:00:00,0.0
1969-01-26 04:15:00,0.0
1969-01-26 04:30:00,0.0
1969-01-26 04:45:00,0.0
1969-01-26 05:00:00,0.0
1969-01-26 05:15:00,0.0053296518
1969-01-26 05:30:00,0.0106593035
1969-01-26 05:45:00,0.015988955
1969-01-26 06:00:00,0.021318607
1969-01-26 06:15:00,0.026648259
1969-01-26 06:30:00,0.03197791
1969-01-26 06:45:00,0.03730756
1969-01-26 07:00:00,0.042637214
1969-01-26 07:15:00,0.047966864
1969-01-26 07:30:00,0.053296518
1969-01-26 07:45:00,0.058626167
1969-01-26 08:00:00,0.058626167
1969-01-26 08:15:00,0.06161131
1969-01-26 08:30:00,0.06459646
1969-01-26 08:45:00,0.0675816
1969-01-26 09:00:00,0.07056674
1969-01-26 09:15:00,0.07135476
1969-01-26 09:30:00,0.07214278
1969-01-26 09:45:00,0.0729308
1969-01-26 10:00:00,0.073718816
1969-01-26 10:15:00,0.075714074
1969-01-26 10:30:00,0.07770933
1969-01-26 10:45:00,0.07970459
1969-01-26 11:00:00,0.08169985
1969-01-26 11:15:00,0.081797004
1969-01-26 11:30:00,0.08189416
1969-01-26 11:45:00,0.08199131
1969-01-26 12:00:00,0.08208846
1969-01-26 12:15:00,0.08178528
1969-01-26 12:30:00,0.08148208
1969-01-26 12:45:00,0.081178896
1969-01-26 13:00:00,0.08087571
1969-01-26 13:15:00,0.08071727
1969-01-26 13:30:00,0.08055884
1969-01-26 13:45:00,0.0804004
1969-01-26 14:00:00,0.08024196
1969-01-26 14:15:00,0.0797202
1969-01-26 14:30:00,0.07919844
1969-01-26 14:45:00,0.078676686
1969-01-26 15:00:00,0.07815492
1969-01-26 15:15:00,0.07666216
1969-01-26 15:30:00,0.0751694
1969-01-26 15:45:00,0.07367663
1969-01-26 16:00:00,0.07218387
1969-01-26 16:15:00,0.07065092
1969-01-26 16:30:00,0.06911798
1969-01-26 16:45:00,0.067585036
1969-01-26 17:00:00,0.067585036
1969-01-26 17:15:00,0.05793003
1969-01-26 17:30:00,0.048275027
1969-01-26 17:45:00,0.03862002
1969-01-26 18:00:00,0.028965015
1969-01-26 18:15:00,0.01931001
1969-01-26 18:30:00,0.009655005
1969-01-26 18:45:00,0.0
1969-01-26 19:00:00,0.0
1969-01-26 19:15:00,0.0
1969-01-26 19:30:00,0.0
1969-01-26 19:45:00,0.0
1969-01-26 20:00:00,0.0
1969-01-26 20:15:00,0.0
1969-01-26 20:30:00,0.0
1969-01-26 20:45:00,0.0
1969-01-26 21:00:00,0.0
1969-01-26 21:15:00,0.0
1969-01-26 21:30:00,0.0
1969-01-26 21:45:00,0.0
1969-01-26 22:00:00,0.0
1969-01-26 22:15:00,0.0
1969-01-26 22:30:00,0.0
1969-01-26 22:45:00,0.0
1969-01-26 23:00:00,0.0
1969-01-26 23:15:00,0.0
1969-01-26 23:30:00,0.0
1969-01-26 23:45:00,0.0
1969-01-27 00:00:00,0.0
1969-01-27 00:15:00,0.0
1969-01-27 00:30:00,0.0
1969-01-27 00:45:00,0.0
1969-01-27 01:00:00,0.0
1969-01-27 01:15:00,0.0
1969-01-27 01:30:00,0.0
1969-01-27 01:45:00,0.0
1969-01-27 02:00:00,0.0
1969-01-27 02:15:00,0.0
1969-01-27 02:30:00,0.0
1969-01-27 02:45:00,0.0
1969-01-27 03:00:00,0.0
1969-01-27 03:15:00,0.0
1969-01-27 03:30:00,0.0
1969-01-27 03:45:00,0.0
1969-01-27 04:00:00,0.0
1969-01-27 04:15:00,0.0
1969-01-27 04:30:00,0.0
1969-01-27 04:45:00,0.0
1969-01-27 05:00:00,0.0
1969-01-27 05:15:00,0.0073899566
1969-01-27 05:30:00,0.014779913
1969-01-27 05:45:00,0.02216987
1969-01-27 06:00:00,0.029559826
1969-01-27 06:15:00,0.036949784
1969-01-27 06:30:00,0.04433974
1969-01-27 06:45:00,0.051729698
1969-01-27 07:00:00,0.059119653
1969-01-27 07:15:00,0.06650961
1969-01-27 07:30:00,0.07389957
1969-01-27 07:45:00,0.08128952
1969-01-27 08:00:00,0.08128952
1969-01-27 08:15:00,0.09230322
1969-01-27 08:30:00,0.10331692
1969-01-27 08:45:00,0.11433061
1969-01-27 09:00:00,0.1253443
1969-01-27 09:15:00,0.15716192
1969-01-27 09:30:00,0.18897952
1969-01-27 09:45:00,0.22079712
1969-01-27 10:00:00,0.25261474
1969-01-27 10:15:00,0.30487162
1969-01-27 10:30:00,0.35712853
1969-01-27 10:45:00,0.40938544
1969-01-27 11:00:00,0.46164232
1969-01-27 11:15:00,0.4863944
1969-01-27 11:30:00,0.5111465
1969-01-27 11:45:00,0.53589857
1969-01-27 12:00:00,0.56065065
1969-01-27 12:15:00,0.56037605
1969-01-27 12:30:00,0.5601014
1969-01-27 12:45:00,0.5598268
1969-01-27 13:00:00,0.5595522
1969-01-27 13:15:00,0.55828124
1969-01-27 13:30:00,0.5570103
1969-01-27 13:45:00,0.55573934
1969-01-27 14:00:00,0.5544684
1969-01-27 14:15:00,0.5238466
1969-01-27 14:30:00,0.4932249
1969-01-27 14:45:00,0.46260315
1969-01-27 15:00:00,0.43198138
1969-01-27 15:15:00,0.39304936
1969-01-27 15:30:00,0.35411733
1969-01-27 15:45:00,0.31518528
1969-01-27 16:00:00,0.27625325
1969-01-27 16:15:00,0.24285226
1969-01-27 16:30:00,0.20945126
1969-01-27 16:45:00,0.17605026
1969-01-27 17:00:00,0.17605026
1969-01-27 17:15:00,0.15090023
1969-01-27 17:30:00,0.12575018
1969-01-27 17:45:00,0.100600146
1969-01-27 18:00:00,0.075450115
1969-01-27 18:15:00,0.050300073
1969-01-27 18:30:00,0.025150036
1969-01-27 18:45:00,0.0
1969-01-27 19:00:00,0.0
1969-01-27 19:15:00,0.0
1969-01-27 19:30:00,0.0
1969-01-27 19:45:00,0.0
1969-01-27 20:00:00,0.0
1969-01-27 20:15:00,0.0
1969-01-27 20:30:00,0.0
1969-01-27 20:45:00,0.0
1969-01-27 21:00:00,0.0
1969-01-27 21:15:00,0.0
1969-01-27 21:30:00,0.0
1969-01-27 21:45:00,0.0
1969-01-27 22:00:00,0.0
1969-01-27 22:15:00,0.0
1969-01-27 22:30:00,0.0
1969-01-27 22:45:00,0.0
1969-01-27 23:00:00,0.0
1969-01-27 23:15:00,0.0
1969-01-27 23:30:00,0.0
1969-01-27 23:45:00,0.0
1969-01-28 00:00:00,0.0
1969-01-28 00:15:00,0.0
1969-01-28 00:30:00,0.0
1969-01-28 00:45:00,0.0
1969-01-28 01:00:00,0.0
1969-01-28 01:15:00,0.0
1969-01-28 01:30:00,0.0
1969-01-28 01:45:00,0.0
1969-01-28 02:00:00,0.0
1969-01-28 02:15:00,0.0
1969-01-28 02:30:00,0.0
1969-01-28 02:45:00,0.0
1969-01-28 03:00:00,0.0
1969-01-28 03:15:00,0.0
1969-01-28 03:30:00,0.0
1969-01-28 03:45:00,0.0
1969-01-28 04:00:00,0.0
1969-01-28 04:15:00,0.0
1969-01-28 04:30:00,0.0
1969-01-28 04:45:00,0.0
1969-01-28 05:00:00,0.0
1969-01-28 05:15:00,0.0082495
1969-01-28 05:30:00,0.016499
1969-01-28 05:45:00,0.0247485
1969-01-28 06:00:00,0.032998
1969-01-28 06:15:00,0.041247502
1969-01-28 06:30:00,0.049497
1969-01-28 06:45:00,0.057746504
1969-01-28 07:00:00,0.065996
1969-01-28 07:15:00,0.074245505
1969-01-28 07:30:00,0.082495004
1969-01-28 07:45:00,0.0907445
1969-01-28 08:00:00,0.0907445
1969-01-28 08:15:00,0.12027272
1969-01-28 08:30:00,0.14980093
1969-01-28 08:45:00,0.17932914
1969-01-28 09:00:00,0.20885736
1969-01-28 09:15:00,0.27200553
1969-01-28 09:30:00,0.3351537
1969-01-28 09:45:00,0.3983019
1969-01-28 10:00:00,0.46145007
1969-01-28 10:15:00,0.51776767
1969-01-28 10:30:00,0.5740853
1969-01-28 10:45:00,0.6304029
1969-01-28 11:00:00,0.68672055
1969-01-28 11:15:00,0.703736
1969-01-28 11:30:00,0.7207514
1969-01-28 11:45:00,0.73776686
1969-01-28 12:00:00,0.7547823
1969-01-28 12:15:00,0.70220834
1969-01-28 12:30:00,0.64963436
1969-01-28 12:45:00,0.5970604
1969-01-28 13:00:00,0.5444864
1969-01-28 13:15:00,0.5036232
1969-01-28 13:30:00,0.46276
1969-01-28 13:45:00,0.42189682
1969-01-28 14:00:00,0.3810336
1969-01-28 14:15:00,0.35303992
1969-01-28 14:30:00,0.3250462
1969-01-28 14:45:00,0.2970525
1969-01-28 15:00:00,0.26905882
1969-01-28 15:15:00,0.247356
1969-01-28 15:30:00,0.22565319
1969-01-28 15:45:00,0.20395038
1969-01-28 16:00:00,0.18224755
1969-01-28 16:15:00,0.16382934
1969-01-28 16:30:00,0.14541113
1969-01-28 16:45:00,0.12699294
1969-01-28 17:00:00,0.12699294
1969-01-28 17:15:00,0.10885109
1969-01-28 17:30:00,0.09070925
1969-01-28 17:45:00,0.072567396
1969-01-28 18:00:00,0.054425545
1969-01-28 18:15:00,0.036283698
1969-01-28 18:30:00,0.018141849
1969-01-28 18:45:00,0.0
1969-01-28 19:00:00,0.0
1969-01-28 19:15:00,0.0
1969-01-28 19:30:00,0.0
1969-01-28 19:45:00,0.0
1969-01-28 20:00:00,0.0
1969-01-28 20:15:00,0.0
1969-01-28 20:30:00,0.0
1969-01-28 20:45:00,0.0
1969-01-28 21:00:00,0.0
1969-01-28 21:15:00,0.0
1969-01-28 21:30:00,0.0
1969-01-28 21:45:00,0.0
1969-01-28 22:00:00,0.0
1969-01-28 22:15:00,0.0
1969-01-28 22:30:00,0.0
1969-01-28 22:45:00,0.0
1969-01-28 23:00:00,0.0
1969-01-28 23:15:00,0.0
1969-01-28 23:30:00,0.0
1969-01-28 23:45:00,0.0
1969-01-29 00:00:00,0.0
1969-01-29 00:15:00,0.0
1969-01-29 00:30:00,0.0
1969-01-29 00:45:00,0.0
1969-01-29 01:00:00,0.0
1969-01-29 01:15:00,0.0
1969-01-29 01:30:00,0.0
1969-01-29 01:45:00,0.0
1969-01-29 02:00:00,0.0
1969-01-29 02:15:00,0.0
1969-01-29 02:30:00,0.0
1969-01-29 02:45:00,0.0
1969-01-29 03:00:00,0.0
1969-01-29 03:15:00,0.0
1969-01-29 03:30:00,0.0
1969-01-29 03:45:00,0.0
1969-01-29 04:00:00,0.0
1969-01-29 04:15:00,0.0
1969-01-29 04:30:00,0.0
1969-01-29 04:45:00,0.0
1969-01-29 05:00:00,0.0
1969-01-29 05:15:00,0.011665251
1969-01-29 05:30:00,0.023330502
1969-01-29 05:45:00,0.034995753
1969-01-29 06:00:00,0.046661004
1969-01-29 06:15:00,0.058326256
1969-01-29 06:30:00,0.06999151
1969-01-29 06:45:00,0.081656754
1969-01-29 07:00:00,0.09332201
1969-01-29 07:15:00,0.104987256
1969-01-29 07:30:00,0.11665251
1969-01-29 07:45:00,0.12831776
1969-01-29 08:00:00,0.12831776
1969-01-29 08:15:00,0.18927588
1969-01-29 08:30:00,0.250234
1969-01-29 08:45:00,0.31119213
1969-01-29 09:00:00,0.37215024
1969-01-29 09:15:00,0.44305745
1969-01-29 09:30:00,0.51396465
1969-01-29 09:45:00,0.5848719
1969-01-29 10:00:00,0.65577906
1969-01-29 10:15:00,0.6884756
1969-01-29 10:30:00,0.72117215
1969-01-29 10:45:00,0.7538687
1969-01-29 11:00:00,0.78656524
1969-01-29 11:15:00,0.80546105
1969-01-29 11:30:00,0.82435685
1969-01-29 11:45:00,0.84325266
1969-01-29 12:00:00,0.86214846
1969-01-29 12:15:00,0.8588525
1969-01-29 12:30:00,0.85555655
1969-01-29 12:45:00,0.8522606
1969-01-29 13:00:00,0.84896463
1969-01-29 13:15:00,0.78916806
1969-01-29 13:30:00,0.72937155
1969-01-29 13:45:00,0.669575
1969-01-29 14:00:00,0.6097784
1969-01-29 14:15:00,0.5211714
1969-01-29 14:30:00,0.4325644
1969-01-29 14:45:00,0.34395742
1969-01-29 15:00:00,0.2553504
1969-01-29 15:15:00,0.23310317
1969-01-29 15:30:00,0.21085593
1969-01-29 15:45:00,0.18860868
1969-01-29 16:00:00,0.16636144
1969-01-29 16:15:00,0.15567826
1969-01-29 16:30:00,0.14499506
1969-01-29 16:45:00,0.13431188
1969-01-29 17:00:00,0.13431188
1969-01-29 17:15:00,0.11512447
1969-01-29 17:30:00,0.09593706
1969-01-29 17:45:00,0.076749645
1969-01-29 18:00:00,0.057562236
1969-01-29 18:15:00,0.038374823
1969-01-29 18:30:00,0.019187411
1969-01-29 18:45:00,0.0
1969-01-29 19:00:00,0.0
1969-01-29 19:15:00,0.0
1969-01-29 19:30:00,0.0
1969-01-29 19:45:00,0.0
1969-01-29 20:00:00,0.0
1969-01-29 20:15:00,0.0
1969-01-29 20:30:00,0.0
1969-01-29 20:45:00,0.0
1969-01-29 21:00:00,0.0
1969-01-29 21:15:00,0.0
1969-01-29 21:30:00,0.0
1969-01-29 21:45:00,0.0
1969-01-29 22:00:00,0.0
1969-01-29 22:15:00,0.0
1969-01-29 22:30:00,0.0
1969-01-29 22:45:00,0.0
1969-01-29 23:00:00,0.0
1969-01-29 23:15:00,0.0
1969-01-29 23:30:00,0.0
1969-01-29 23:45:00,0.0
1969-01-30 00:00:00,0.0
1969-01-30 00:15:00,0.0
1969-01-30 00:30:00,0.0
1969-01-30 00:45:00,0.0
1969-01-30 01:00:00,0.0
1969-01-30 01:15:00,0.0
1969-01-30 01:30:00,0.0
1969-01-30 01:45:00,0.0
1969-01-30 02:00:00,0.0
1969-01-30 02:15:00,0.0
1969-01-30 02:30:00,0.0
1969-01-30 02:45:00,0.0
1969-01-30 03:00:00,0.0
1969-01-30 03:15:00,0.0
1969-01-30 03:30:00,0.0
1969-01-30 03:45:00,0.0
1969-01-30 04:00:00,0.0
1969-01-30 04:15:00,0.0
1969-01-30 04:30:00,0.0
1969-01-30 04:45:00,0.0
1969-01-30 05:00:00,0.0
1969-01-30 05:15:00,0.009134991
1969-01-30 05:30:00,0.018269982
1969-01-30 05:45:00,0.027404973
1969-01-30 06:00:00,0.036539964
1969-01-30 06:15:00,0.045674954
1969-01-30 06:30:00,0.054809947
1969-01-30 06:45:00,0.063944936
1969-01-30 07:00:00,0.07307993
1969-01-30 07:15:00,0.08221492
1969-01-30 07:30:00,0.09134991
1969-01-30 07:45:00,0.1004849
1969-01-30 08:00:00,0.1004849
1969-01-30 08:15:00,0.14033663
1969-01-30 08:30:00,0.18018836
1969-01-30 08:45:00,0.22004008
1969-01-30 09:00:00,0.2598918
1969-01-30 09:15:00,0.33458984
1969-01-30 09:30:00,0.40928784
1969-01-30 09:45:00,0.48398584
1969-01-30 10:00:00,0.5586839
1969-01-30 10:15:00,0.5937258
1969-01-30 10:30:00,0.6287677
1969-01-30 10:45:00,0.66380966
1969-01-30 11:00:00,0.6988516
1969-01-30 11:15:00,0.6832952
1969-01-30 11:30:00,0.6677388
1969-01-30 11:45:00,0.65218246
1969-01-30 12:00:00,0.63662606
1969-01-30 12:15:00,0.5795521
1969-01-30 12:30:00,0.5224781
1969-01-30 12:45:00,0.46540415
1969-01-30 13:00:00,0.4083302
1969-01-30 13:15:00,0.41235447
1969-01-30 13:30:00,0.4163787
1969-01-30 13:45:00,0.42040294
1969-01-30 14:00:00,0.4244272
1969-01-30 14:15:00,0.39849365
1969-01-30 14:30:00,0.37256005
1969-01-30 14:45:00,0.34662646
1969-01-30 15:00:00,0.3206929
1969-01-30 15:15:00,0.29792234
1969-01-30 15:30:00,0.2751518
1969-01-30 15:45:00,0.25238127
1969-01-30 16:00:00,0.22961071
1969-01-30 16:15:00,0.2076153
1969-01-30 16:30:00,0.18561989
1969-01-30 16:45:00,0.16362447
1969-01-30 17:00:00,0.16362447
1969-01-30 17:15:00,0.14024954
1969-01-30 17:30:00,0.11687462
1969-01-30 17:45:00,0.0934997
1969-01-30 18:00:00,0.07012477
1969-01-30 18:15:00,0.04674985
1969-01-30 18:30:00,0.023374924
1969-01-30 18:45:00,0.0
1969-01-30 19:00:00,0.0
1969-01-30 19:15:00,0.0
1969-01-30 19:30:00,0.0
1969-01-30 19:45:00,0.0
1969-01-30 20:00:00,0.0
1969-01-30 20:15:00,0.0
1969-01-30 20:30:00,0.0
1969-01-30 20:45:00,0.0
1969-01-30 21:00:00,0.0
1969-01-30 21:15:00,0.0
1969-01-30 21:30:00,0.0
1969-01-30 21:45:00,0.0
1969-01-30 22:00:00,0.0
1969-01-30 22:15:00,0.0
1969-01-30 22:30:00,0.0
1969-01-30 22:45:00,0.0
1969-01-30 23:00:00,0.0
1969-01-30 23:15:00,0.0
1969-01-30 23:30:00,0.0
1969-01-30 23:45:00,0.0
1969-01-31 00:00:00,0.0
1969-01-31 00:15:00,0.0
1969-01-31 00:30:00,0.0
1969-01-31 00:45:00,0.0
1969-01-31 01:00:00,0.0
1969-01-31 01:15:00,0.0
1969-01-31 01:30:00,0.0
1969-01-31 01:45:00,0.0
1969-01-31 02:00:00,0.0
1969-01-31 02:15:00,0.0
1969-01-31 02:30:00,0.0
1969-01-31 02:45:00,0.0
1969-01-31 03:00:00,0.0
1969-01-31 03:15:00,0.0
1969-01-31 03:30:00,0.0
1969-01-31 03:45:00,0.0
1969-01-31 04:00:00,0.0
1969-01-31 04:15:00,0.0
1969-01-31 04:30:00,0.0
1969-01-31 04:45:00,0.0
1969-01-31 05:00:00,0.0
1969-01-31 05:15:00,0.009507698
1969-01-31 05:30:00,0.019015396
1969-01-31 05:45:00,0.028523095
1969-01-31 06:00:00,0.038030792
1969-01-31 06:15:00,0.04753849
1969-01-31 06:30:00,0.05704619
1969-01-31 06:45:00,0.06655388
1969-01-31 07:00:00,0.076061584
1969-01-31 07:15:00,0.085569285
1969-01-31 07:30:00,0.09507698
1969-01-31 07:45:00,0.10458468
1969-01-31 08:00:00,0.10458468
1969-01-31 08:15:00,0.14159866
1969-01-31 08:30:00,0.17861265
1969-01-31 08:45:00,0.21562663
1969-01-31 09:00:00,0.2526406
1969-01-31 09:15:00,0.33413512
1969-01-31 09:30:00,0.41562966
1969-01-31 09:45:00,0.4971242
1969-01-31 10:00:00,0.5786187
1969-01-31 10:15:00,0.623564
1969-01-31 10:30:00,0.66850936
1969-01-31 10:45:00,0.71345466
1969-01-31 11:00:00,0.75839996
1969-01-31 11:15:00,0.7757195
1969-01-31 11:30:00,0.7930391
1969-01-31 11:45:00,0.81035864
1969-01-31 12:00:00,0.8276782
1969-01-31 12:15:00,0.8253628
1969-01-31 12:30:00,0.82304746
1969-01-31 12:45:00,0.8207321
1969-01-31 13:00:00,0.8184167
1969-01-31 13:15:00,0.8077425
1969-01-31 13:30:00,0.79706824
1969-01-31 13:45:00,0.78639406
1969-01-31 14:00:00,0.7757198
1969-01-31 14:15:00,0.74965626
1969-01-31 14:30:00,0.7235927
1969-01-31 14:45:00,0.69752914
1969-01-31 15:00:00,0.6714656
1969-01-31 15:15:00,0.61986125
1969-01-31 15:30:00,0.5682569
1969-01-31 15:45:00,0.5166526
1969-01-31 16:00:00,0.46504825
1969-01-31 16:15:00,0.39971465
1969-01-31 16:30:00,0.33438104
1969-01-31 16:45:00,0.26904744
1969-01-31 17:00:00,0.26904744
1969-01-31 17:15:00,0.23061208
1969-01-31 17:30:00,0.19217674
1969-01-31 17:45:00,0.15374139
1969-01-31 18:00:00,0.11530604
1969-01-31 18:15:00,0.076870695
1969-01-31 18:30:00,0.038435347
1969-01-31 18:45:00,0.0
1969-01-31 19:00:00,0.0
1969-01-31 19:15:00,0.0
1969-01-31 19:30:00,0.0
1969-01-31 19:45:00,0.0
1969-01-31 20:00:00,0.0
1969-01-31 20:15:00,0.0
1969-01-31 20:30:00,0.0
1969-01-31 20:45:00,0.0
1969-01-31 21:00:00,0.0
1969-01-31 21:15:00,0.0
1969-01-31 21:30:00,0.0
1969-01-31 21:45:00,0.0
1969-01-31 22:00:00,0.0
1969-01-31 22:15:00,0.0
1969-01-31 22:30:00,0.0
1969-01-31 22:45:00,0.0
1969-01-31 23:00:00,0.0
